compound,target_class,ecfp4_max_tanimoto,ecfp4_top5_mean,maccs_max_tanimoto,best_ref_molecule,best_ref_pchembl,best_ref_ic50_nm,best_ref_target,best_ref_organism,n_references,ecfp4_2nd_tanimoto,n_refs_above_0.4,n_refs_above_0.5,canonical_smiles,source_file,mw,logp,tpsa,hbd,hba,rotbonds,heavy_atoms,sulfonamide,beta_lactam,hydroxamate,diaminopyrimidine,xanthine,hydrazone,benzimidazole,benzothiazole,aryl_halide,similarity_component,top5_component,maccs_component,sar_bonus,evidence_score,organism_prior,evidence_tier,organism,organism_adjusted_score,panel_rank,panel_target_count,organism_target_panel,justification
BI-1,TopoIV,0.2289156626506024,0.2109827454353726,0.625,CHEMBL4793192,6.54,290.0,CHEMBL3038508,S. aureus complex,190,0.2125,0,0,O=C(CSc1nc2cc(OC(F)F)ccc2[nH]1)Nc1ccccc1,compounds_normalized.sdf,349.3620000000001,3.895100000000002,67.00999999999999,2,4,6,24,0,0,0,0,0,0,0,0,0,0.23439211391018613,0.2910727676341613,0.7500000000000001,0.0,0.30246424886363343,1.05,low,Klebsiella pneumoniae,0.31758746130681514,1,5,DHFR; FabI; TopoIV; MurA; LpxH,"Topoisomerase IV is a DNA-decatenation complex; because reference chemistry is often quinolone-like, low similarity should be treated as weak evidence."
BI-1,FabI,0.2073170731707317,0.1938908208186292,0.5633802816901409,CHEMBL259268,5.75,1800.0,CHEMBL1075044,B. subtilis,331,0.2023809523809523,0,0,O=C(CSc1nc2cc(OC(F)F)ccc2[nH]1)Nc1ccccc1,compounds_normalized.sdf,349.3620000000001,3.895100000000002,67.00999999999999,2,4,6,24,0,0,0,0,0,0,0,0,0,0.19512195121951215,0.2530907129302871,0.6619718309859156,0.0,0.2601294284902152,1.0,low,Klebsiella pneumoniae,0.2601294284902152,2,5,DHFR; FabI; TopoIV; MurA; LpxH,FabI/FabL is the enoyl-ACP reductase of type-II fatty-acid synthesis; ranking is ligand-similarity based because the series lacks a canonical triclosan-like motif.
BI-6,TopoIV,0.2588235294117647,0.2251676353477699,0.6388888888888888,CHEMBL4793192,6.54,290.0,CHEMBL3038508,S. aureus complex,190,0.2289156626506024,0,0,Cc1cccc(NC(=O)CSc2nc3cc(OC(F)F)ccc3[nH]2)c1,compounds_normalized.sdf,363.389,4.203520000000002,67.01,2,4,6,25,0,0,0,0,0,0,0,0,0,0.28877005347593576,0.3225947452172664,0.7698412698412699,0.0,0.340509903518475,1.05,low,Klebsiella pneumoniae,0.35753539869439876,1,5,DHFR; FabI; TopoIV; MurA; LpxH,"Topoisomerase IV is a DNA-decatenation complex; because reference chemistry is often quinolone-like, low similarity should be treated as weak evidence."
BI-6,LpxH,0.2,0.1836155202821869,0.640625,CHEMBL5653589,9.12,0.753,CHEMBL5855,E. coli,252,0.2,0,0,Cc1cccc(NC(=O)CSc2nc3cc(OC(F)F)ccc3[nH]2)c1,compounds_normalized.sdf,363.389,4.203520000000002,67.01,2,4,6,25,0,0,0,0,0,0,0,0,0,0.18181818181818182,0.23025671173819307,0.7723214285714286,0.0,0.26432148312935344,1.05,low,Klebsiella pneumoniae,0.27753755728582113,2,5,DHFR; FabI; TopoIV; MurA; LpxH,LpxH is a metal-dependent phosphodiesterase in lipid-A biosynthesis; target ranking is exploratory because the reference set is structurally heterogeneous.
OX-11,FabI,0.1979166666666666,0.1897944071989754,0.7012987012987013,CHEMBL45433,6.03,940.0,CHEMBL3994,S. aureus,331,0.196078431372549,0,0,Cc1cccc(C)c1NC(=O)CSc1nnc(Cn2c(=O)c3c(ncn3C)n(C)c2=O)o1,compounds_normalized.sdf,455.50000000000017,1.21264,129.84,1,8,6,32,0,0,0,0,0,0,0,0,0,0.1780303030303029,0.24398757155327863,0.8589981447124305,0.0,0.27886176611033564,1.0,low,Klebsiella pneumoniae,0.27886176611033564,1,5,DHFR; FabI; TopoIV; MurA; LpxH,FabI/FabL is the enoyl-ACP reductase of type-II fatty-acid synthesis; ranking is ligand-similarity based because the series lacks a canonical triclosan-like motif.
OX-11,TopoIV,0.1826923076923076,0.1698572647879166,0.7011494252873564,CHEMBL4465692,5.51,3100.0,CHEMBL1895,E. coli ParC,190,0.174757281553398,0,0,Cc1cccc(C)c1NC(=O)CSc1nnc(Cn2c(=O)c3c(ncn3C)n(C)c2=O)o1,compounds_normalized.sdf,455.50000000000017,1.21264,129.84,1,8,6,32,0,0,0,0,0,0,0,0,0,0.15034965034965014,0.19968281063981466,0.8587848932676521,0.0,0.2539132618249266,1.05,low,Klebsiella pneumoniae,0.26660892491617294,2,5,DHFR; FabI; TopoIV; MurA; LpxH,"Topoisomerase IV is a DNA-decatenation complex; because reference chemistry is often quinolone-like, low similarity should be treated as weak evidence."
T2Z14,FabI,0.1743119266055046,0.1688334333914077,0.7051282051282052,CHEMBL296932,6.52,300.0,CHEMBL3994,S. aureus,331,0.1711711711711711,0,0,Cc1c(-c2nn(-c3ccccc3)cc2/C=N/NC(=O)Cn2c(=O)c3c(ncn3C)n(C)c2=O)nnn1-c1ccc(Br)cc1,compounds_normalized.sdf,642.4780000000003,2.0883199999999986,151.81,1,8,7,43,0,0,0,0,0,1,0,0,1,0.13511259382819016,0.19740762975868376,0.8644688644688646,0.02,0.2665785340240957,1.0,low,Klebsiella pneumoniae,0.2665785340240957,1,5,DHFR; FabI; TopoIV; MurA; LpxH,FabI/FabL is the enoyl-ACP reductase of type-II fatty-acid synthesis; ranking is ligand-similarity based because the series lacks a canonical triclosan-like motif.
T2Z14,LpxH,0.1578947368421052,0.1436435756297264,0.7037037037037037,CHEMBL4549667,6.0,1000.0,CHEMBL5855,E. coli,252,0.1504424778761062,0,0,Cc1c(-c2nn(-c3ccccc3)cc2/C=N/NC(=O)Cn2c(=O)c3c(ncn3C)n(C)c2=O)nnn1-c1ccc(Br)cc1,compounds_normalized.sdf,642.4780000000003,2.0883199999999986,151.81,1,8,7,43,0,0,0,0,0,1,0,0,1,0.10526315789473671,0.14143016806605868,0.8624338624338626,0.02,0.2373542003289624,1.05,low,Klebsiella pneumoniae,0.24922191034541052,2,5,DHFR; FabI; TopoIV; MurA; LpxH,LpxH is a metal-dependent phosphodiesterase in lipid-A biosynthesis; target ranking is exploratory because the reference set is structurally heterogeneous.
T2Z5,FabI,0.1764705882352941,0.1695140197976128,0.6578947368421053,CHEMBL296932,6.52,300.0,CHEMBL3994,S. aureus,331,0.174757281553398,0,0,Cn1cnc2c1c(=O)n(CC(=O)N/N=C/c1c(-c3ccc(Br)cc3)nc3sccn13)c(=O)n2C,compounds_normalized.sdf,541.3910000000003,1.7226999999999988,120.58,1,7,5,34,0,0,0,0,0,1,0,0,1,0.13903743315508016,0.1989200439946951,0.7969924812030077,0.02,0.258797599756665,1.0,low,Klebsiella pneumoniae,0.258797599756665,1,5,DHFR; FabI; TopoIV; MurA; LpxH,FabI/FabL is the enoyl-ACP reductase of type-II fatty-acid synthesis; ranking is ligand-similarity based because the series lacks a canonical triclosan-like motif.
T2Z5,TopoIV,0.1623931623931624,0.1572009013798053,0.6888888888888889,CHEMBL4294536,6.4,400.0,CHEMBL3329081,E. coli ParE,190,0.1610169491525423,0,0,Cn1cnc2c1c(=O)n(CC(=O)N/N=C/c1c(-c3ccc(Br)cc3)nc3sccn13)c(=O)n2C,compounds_normalized.sdf,541.3910000000003,1.7226999999999988,120.58,1,7,5,34,0,0,0,0,0,1,0,0,1,0.11344211344211344,0.17155755862178956,0.8412698412698414,0.02,0.2458009225669803,1.05,low,Klebsiella pneumoniae,0.2580909686953293,2,5,DHFR; FabI; TopoIV; MurA; LpxH,"Topoisomerase IV is a DNA-decatenation complex; because reference chemistry is often quinolone-like, low similarity should be treated as weak evidence."
T2Z6,TopoIV,0.1623931623931624,0.1590256732833173,0.6888888888888889,CHEMBL4294536,6.4,400.0,CHEMBL3329081,E. coli ParE,190,0.1610169491525423,0,0,Cn1cnc2c1c(=O)n(CC(=O)N/N=C/c1c(-c3ccc(Cl)cc3)nc3sccn13)c(=O)n2C,compounds_normalized.sdf,496.9400000000003,1.6135999999999988,120.58,1,7,5,34,0,0,0,0,0,1,0,0,1,0.11344211344211344,0.17561260729626063,0.8412698412698414,0.02,0.2468146847355981,1.05,low,Klebsiella pneumoniae,0.259155418972378,1,5,DHFR; FabI; TopoIV; MurA; LpxH,"Topoisomerase IV is a DNA-decatenation complex; because reference chemistry is often quinolone-like, low similarity should be treated as weak evidence."
T2Z6,MurA,0.1851851851851851,0.1784266639571752,0.5949367088607594,CHEMBL5219036,4.8,16000.0,CHEMBL1984,E. coli,94,0.1801801801801801,0,0,Cn1cnc2c1c(=O)n(CC(=O)N/N=C/c1c(-c3ccc(Cl)cc3)nc3sccn13)c(=O)n2C,compounds_normalized.sdf,496.9400000000003,1.6135999999999988,120.58,1,7,5,34,0,0,0,0,0,1,0,0,1,0.15488215488215468,0.2187259199048338,0.7070524412296564,0.02,0.25818042360173427,1.0,low,Klebsiella pneumoniae,0.25818042360173427,2,5,DHFR; FabI; TopoIV; MurA; LpxH,"MurA catalyzes the first committed enolpyruvyl-transfer step of peptidoglycan synthesis; the best-established covalent benchmark is fosfomycin, so non-electrophilic similarity is provisional."
T2Z9,FabI,0.2,0.1881233671988389,0.7051282051282052,CHEMBL3623422,6.96,110.0,CHEMBL3994,S. aureus,331,0.19,0,0,Cc1c(-c2nn(-c3ccccc3)cc2/C=N/NC(=O)Cn2c(=O)c3c(ncn3C)n(C)c2=O)nnn1-c1ccc(Cl)cc1,compounds_normalized.sdf,598.0270000000002,1.9792199999999995,151.81,1,8,7,43,0,0,0,0,0,1,0,0,1,0.18181818181818182,0.2402741493307531,0.8644688644688646,0.02,0.30064795791210885,1.0,low,Klebsiella pneumoniae,0.30064795791210885,1,5,DHFR; FabI; TopoIV; MurA; LpxH,FabI/FabL is the enoyl-ACP reductase of type-II fatty-acid synthesis; ranking is ligand-similarity based because the series lacks a canonical triclosan-like motif.
T2Z9,MurA,0.2083333333333333,0.203920947128635,0.6282051282051282,CHEMBL365523,4.301029995663981,50000.0,CHEMBL1984,E. coli,94,0.2068965517241379,0,0,Cc1c(-c2nn(-c3ccccc3)cc2/C=N/NC(=O)Cn2c(=O)c3c(ncn3C)n(C)c2=O)nnn1-c1ccc(Cl)cc1,compounds_normalized.sdf,598.0270000000002,1.9792199999999995,151.81,1,8,7,43,0,0,0,0,0,1,0,0,1,0.19696969696969685,0.27537988250807777,0.7545787545787547,0.02,0.3005166322986811,1.0,low,Klebsiella pneumoniae,0.3005166322986811,2,5,DHFR; FabI; TopoIV; MurA; LpxH,"MurA catalyzes the first committed enolpyruvyl-transfer step of peptidoglycan synthesis; the best-established covalent benchmark is fosfomycin, so non-electrophilic similarity is provisional."
X1V11,TopoIV,0.25,0.2334712872015598,0.5978260869565217,CHEMBL4792402,5.8,1600.0,CHEMBL3038508,S. aureus complex,190,0.2439024390243902,0,0,COc1ccc(/C=N/Nc2nc3ccc(S(N)(=O)=O)cc3s2)cc1,compounds_normalized.sdf,362.4360000000001,2.3983,106.67,2,7,5,24,0,0,0,0,0,0,0,0,0,0.2727272727272727,0.3410473048923551,0.7111801242236025,0.0,0.3283024812202655,1.05,low,Klebsiella pneumoniae,0.3447176052812788,1,5,DHFR; FabI; TopoIV; MurA; LpxH,"Topoisomerase IV is a DNA-decatenation complex; because reference chemistry is often quinolone-like, low similarity should be treated as weak evidence."
X1V11,FabI,0.2463768115942029,0.2082019366845769,0.5733333333333334,CHEMBL2178293,6.07,860.0,CHEMBL1857,E. coli,331,0.2058823529411764,0,0,COc1ccc(/C=N/Nc2nc3ccc(S(N)(=O)=O)cc3s2)cc1,compounds_normalized.sdf,362.4360000000001,2.3983,106.67,2,7,5,24,0,0,0,0,0,0,0,0,0,0.26613965744400525,0.28489319263239316,0.6761904761904763,0.0,0.30572169830867235,1.0,low,Klebsiella pneumoniae,0.30572169830867235,2,5,DHFR; FabI; TopoIV; MurA; LpxH,FabI/FabL is the enoyl-ACP reductase of type-II fatty-acid synthesis; ranking is ligand-similarity based because the series lacks a canonical triclosan-like motif.
X1V19,TopoIV,0.2337662337662337,0.2170089531230296,0.5444444444444444,CHEMBL4792402,5.8,1600.0,CHEMBL3038508,S. aureus complex,190,0.2289156626506024,0,0,N#Cc1ccc(/C=N/Nc2nc3ccc(S(N)(=O)=O)cc3s2)cc1,compounds_normalized.sdf,357.4200000000001,2.26138,121.23,2,7,4,24,0,0,0,0,0,0,0,0,0,0.2432113341204249,0.304464340273399,0.6349206349206349,0.0,0.2929598473666574,1.05,low,Klebsiella pneumoniae,0.3076078397349903,1,5,DHFR; FabI; TopoIV; MurA; LpxH,"Topoisomerase IV is a DNA-decatenation complex; because reference chemistry is often quinolone-like, low similarity should be treated as weak evidence."
X1V19,DHFR,0.2142857142857142,0.1717385487289728,0.5238095238095238,CHEMBL120783,6.5,320.0,CHEMBL2329,C. albicans,232,0.188235294117647,0,0,N#Cc1ccc(/C=N/Nc2nc3ccc(S(N)(=O)=O)cc3s2)cc1,compounds_normalized.sdf,357.4200000000001,2.26138,121.23,2,7,4,24,0,0,0,0,0,0,0,0,0,0.20779220779220758,0.20386344161993952,0.6054421768707484,0.0,0.24567829083170095,1.0,low,Klebsiella pneumoniae,0.24567829083170095,2,5,DHFR; FabI; TopoIV; MurA; LpxH,FolA/DHFR is an essential folate-cycle enzyme; evidence is strongest when diaminopyrimidine-like or folate-mimetic chemistry is present and the nearest active reference ligands are similar.
X1V20,TopoIV,0.2439024390243902,0.2192816707166278,0.5730337078651685,CHEMBL4793192,6.54,290.0,CHEMBL3038508,S. aureus complex,190,0.2337662337662337,0,0,NS(=O)(=O)c1ccc2nc(N/N=C/c3cccnc3)sc2c1,compounds_normalized.sdf,333.398,1.7846999999999995,110.33,2,7,4,22,0,0,0,0,0,0,0,0,0,0.261640798226164,0.3095148238147284,0.6757624398073836,0.0,0.30956347103787163,1.05,low,Klebsiella pneumoniae,0.3250416445897652,1,5,DHFR; FabI; TopoIV; MurA; LpxH,"Topoisomerase IV is a DNA-decatenation complex; because reference chemistry is often quinolone-like, low similarity should be treated as weak evidence."
X1V20,LpxH,0.1772151898734177,0.1705698159586043,0.7246376811594203,CHEMBL5087398,7.94,11.5,CHEMBL5855,E. coli,252,0.173469387755102,0,0,NS(=O)(=O)c1ccc2nc(N/N=C/c3cccnc3)sc2c1,compounds_normalized.sdf,333.398,1.7846999999999995,110.33,2,7,4,22,0,0,0,0,0,0,0,0,0,0.1403912543153049,0.20126625768578732,0.8923395445134576,0.0,0.25436312325611793,1.05,low,Klebsiella pneumoniae,0.26708127941892384,2,5,DHFR; FabI; TopoIV; MurA; LpxH,LpxH is a metal-dependent phosphodiesterase in lipid-A biosynthesis; target ranking is exploratory because the reference set is structurally heterogeneous.
X1V26,TopoIV,0.3013698630136986,0.2717902102171141,0.6888888888888889,CHEMBL4792402,5.8,1600.0,CHEMBL3038508,S. aureus complex,190,0.2933333333333333,0,0,NS(=O)(=O)c1ccc2nc(N/N=C/c3cc(Cl)ccc3O)sc2c1,compounds_normalized.sdf,382.854,2.748700000000001,117.67,3,7,4,24,0,0,0,0,0,0,0,0,1,0.36612702366127015,0.42620046714914234,0.8412698412698414,0.0,0.4158041048083969,1.05,moderate,Klebsiella pneumoniae,0.43659431004881677,1,5,DHFR; FabI; TopoIV; MurA; LpxH,"Topoisomerase IV is a DNA-decatenation complex; because reference chemistry is often quinolone-like, low similarity should be treated as weak evidence."
X1V26,LpxH,0.2162162162162162,0.1825866290416332,0.7297297297297297,CHEMBL3667203,8.74,1.8,CHEMBL5855,E. coli,252,0.1785714285714285,0,0,NS(=O)(=O)c1ccc2nc(N/N=C/c3cc(Cl)ccc3O)sc2c1,compounds_normalized.sdf,382.854,2.748700000000001,117.67,3,7,4,24,0,0,0,0,0,0,0,0,1,0.21130221130221125,0.22797028675918488,0.8996138996138997,0.0,0.29758576228298683,1.05,low,Klebsiella pneumoniae,0.3124650503971362,2,5,DHFR; FabI; TopoIV; MurA; LpxH,LpxH is a metal-dependent phosphodiesterase in lipid-A biosynthesis; target ranking is exploratory because the reference set is structurally heterogeneous.
X1V9,TopoIV,0.2777777777777778,0.2493279993279993,0.5444444444444444,CHEMBL4792402,5.8,1600.0,CHEMBL3038508,S. aureus complex,190,0.2702702702702703,0,0,Cc1ccc(/C=N/Nc2nc3ccc(S(N)(=O)=O)cc3s2)cc1,compounds_normalized.sdf,346.43700000000007,2.698120000000001,97.44,2,6,4,23,0,0,0,0,0,0,0,0,0,0.3232323232323232,0.3762844429511095,0.6349206349206349,0.0,0.3509253675920342,1.05,moderate,Klebsiella pneumoniae,0.3684716359716359,1,5,DHFR; FabI; TopoIV; MurA; LpxH,"Topoisomerase IV is a DNA-decatenation complex; because reference chemistry is often quinolone-like, low similarity should be treated as weak evidence."
X1V9,DHFR,0.216867469879518,0.1981817312704435,0.5421686746987951,CHEMBL367220,6.27,538.0,CHEMBL2329,C. albicans,232,0.2151898734177215,0,0,Cc1ccc(/C=N/Nc2nc3ccc(S(N)(=O)=O)cc3s2)cc1,compounds_normalized.sdf,346.43700000000007,2.698120000000001,97.44,2,6,4,23,0,0,0,0,0,0,0,0,0,0.21248630887185088,0.26262606948987444,0.6316695352839932,0.0,0.26665010210099305,1.0,low,Klebsiella pneumoniae,0.26665010210099305,2,5,DHFR; FabI; TopoIV; MurA; LpxH,FolA/DHFR is an essential folate-cycle enzyme; evidence is strongest when diaminopyrimidine-like or folate-mimetic chemistry is present and the nearest active reference ligands are similar.
BI-1,GyrB,0.375,0.317451558103732,0.6307692307692307,CHEMBL3341781,5.5,3132.0,CHEMBL1921666,S. aureus,253,0.3623188405797101,0,0,O=C(CSc1nc2cc(OC(F)F)ccc2[nH]1)Nc1ccccc1,compounds_normalized.sdf,349.3620000000001,3.895100000000002,67.00999999999999,2,4,6,24,0,0,0,0,0,0,0,0,0,0.5,0.5276701291194044,0.7582417582417583,0.0,0.4956537960161148,1.03,moderate,Bacillus cereus,0.5105234098965983,1,5,FabI; DHFR; FtsZ; GyrB; MurA,GyrB is the ATPase subunit of DNA gyrase; target evidence is based on similarity to GyrB reference ligands and should be distinguished from whole-gyrase/topoisomerase-IV predictions.
BI-1,FtsZ,0.25,0.2118780096308186,0.6557377049180327,CHEMBL1651196,5.21,6210.0,CHEMBL4213,M. tuberculosis,67,0.2142857142857142,0,0,O=C(CSc1nc2cc(OC(F)F)ccc2[nH]1)Nc1ccccc1,compounds_normalized.sdf,349.3620000000001,3.895100000000002,67.00999999999999,2,4,6,24,0,0,0,0,0,0,0,0,0,0.2727272727272727,0.29306224362404126,0.7939110070257611,0.0,0.32871584832351086,1.05,low,Bacillus cereus,0.3451516407396864,2,5,FabI; DHFR; FtsZ; GyrB; MurA,FtsZ is an essential cytokinetic GTPase; prioritization is credible only when similarity to known FtsZ ligands is accompanied by a compatible heteroaromatic pharmacophore.
BI-6,GyrB,0.3164556962025316,0.2783629095754346,0.6438356164383562,CHEMBL3341781,5.5,3132.0,CHEMBL1921666,S. aureus,253,0.3026315789473684,0,0,Cc1cccc(NC(=O)CSc2nc3cc(OC(F)F)ccc3[nH]2)c1,compounds_normalized.sdf,363.389,4.203520000000002,67.01,2,4,6,25,0,0,0,0,0,0,0,0,0,0.39355581127733014,0.44080646572318793,0.7769080234833661,0.0,0.42351572559196693,1.03,moderate,Bacillus cereus,0.436221197359726,1,5,FabI; DHFR; FtsZ; GyrB; MurA,GyrB is the ATPase subunit of DNA gyrase; target evidence is based on similarity to GyrB reference ligands and should be distinguished from whole-gyrase/topoisomerase-IV predictions.
BI-6,FtsZ,0.2298850574712643,0.2044409553150953,0.6451612903225806,CHEMBL1651202,5.11,7690.0,CHEMBL4213,M. tuberculosis,67,0.2209302325581395,0,0,Cc1cccc(NC(=O)CSc2nc3cc(OC(F)F)ccc3[nH]2)c1,compounds_normalized.sdf,363.389,4.203520000000002,67.01,2,4,6,25,0,0,0,0,0,0,0,0,0,0.23615464994775326,0.2765354562557673,0.7788018433179724,0.0,0.3040314655355143,1.05,low,Bacillus cereus,0.31923303881229004,2,5,FabI; DHFR; FtsZ; GyrB; MurA,FtsZ is an essential cytokinetic GTPase; prioritization is credible only when similarity to known FtsZ ligands is accompanied by a compatible heteroaromatic pharmacophore.
OX-11,GyrB,0.2083333333333333,0.1963518325516762,0.7051282051282052,CHEMBL3736056,7.89,13.0,CHEMBL1921666,S. aureus,253,0.1979166666666666,0,0,Cc1cccc(C)c1NC(=O)CSc1nnc(Cn2c(=O)c3c(ncn3C)n(C)c2=O)o1,compounds_normalized.sdf,455.50000000000017,1.21264,129.84,1,8,6,32,0,0,0,0,0,0,0,0,0,0.19696969696969685,0.2585596278926138,0.8644688644688646,0.0,0.2927950851283315,1.03,low,Bacillus cereus,0.30157893768218147,1,5,FabI; DHFR; FtsZ; GyrB; MurA,GyrB is the ATPase subunit of DNA gyrase; target evidence is based on similarity to GyrB reference ligands and should be distinguished from whole-gyrase/topoisomerase-IV predictions.
OX-11,FabI,0.1979166666666666,0.1897944071989754,0.7012987012987013,CHEMBL45433,6.03,940.0,CHEMBL3994,S. aureus,331,0.196078431372549,0,0,Cc1cccc(C)c1NC(=O)CSc1nnc(Cn2c(=O)c3c(ncn3C)n(C)c2=O)o1,compounds_normalized.sdf,455.50000000000017,1.21264,129.84,1,8,6,32,0,0,0,0,0,0,0,0,0,0.1780303030303029,0.24398757155327863,0.8589981447124305,0.0,0.27886176611033564,1.0,low,Bacillus cereus,0.27886176611033564,2,5,FabI; DHFR; FtsZ; GyrB; MurA,FabI/FabL is the enoyl-ACP reductase of type-II fatty-acid synthesis; ranking is ligand-similarity based because the series lacks a canonical triclosan-like motif.
T2Z14,GyrB,0.2,0.1896636849039595,0.7023809523809523,CHEMBL3735238,7.03,94.0,CHEMBL1921666,S. aureus,253,0.1929824561403508,0,0,Cc1c(-c2nn(-c3ccccc3)cc2/C=N/NC(=O)Cn2c(=O)c3c(ncn3C)n(C)c2=O)nnn1-c1ccc(Br)cc1,compounds_normalized.sdf,642.4780000000003,2.0883199999999986,151.81,1,8,7,43,0,0,0,0,0,1,0,0,1,0.18181818181818182,0.2436970775643544,0.8605442176870748,0.02,0.30091499295324076,1.03,low,Bacillus cereus,0.30994244274183796,1,5,FabI; DHFR; FtsZ; GyrB; MurA,GyrB is the ATPase subunit of DNA gyrase; target evidence is based on similarity to GyrB reference ligands and should be distinguished from whole-gyrase/topoisomerase-IV predictions.
T2Z14,FabI,0.1743119266055046,0.1688334333914077,0.7051282051282052,CHEMBL296932,6.52,300.0,CHEMBL3994,S. aureus,331,0.1711711711711711,0,0,Cc1c(-c2nn(-c3ccccc3)cc2/C=N/NC(=O)Cn2c(=O)c3c(ncn3C)n(C)c2=O)nnn1-c1ccc(Br)cc1,compounds_normalized.sdf,642.4780000000003,2.0883199999999986,151.81,1,8,7,43,0,0,0,0,0,1,0,0,1,0.13511259382819016,0.19740762975868376,0.8644688644688646,0.02,0.2665785340240957,1.0,low,Bacillus cereus,0.2665785340240957,2,5,FabI; DHFR; FtsZ; GyrB; MurA,FabI/FabL is the enoyl-ACP reductase of type-II fatty-acid synthesis; ranking is ligand-similarity based because the series lacks a canonical triclosan-like motif.
T2Z5,GyrB,0.2277227722772277,0.2089745958424818,0.7361111111111112,CHEMBL3735238,7.03,94.0,CHEMBL1921666,S. aureus,253,0.2075471698113207,0,0,Cn1cnc2c1c(=O)n(CC(=O)N/N=C/c1c(-c3ccc(Br)cc3)nc3sccn13)c(=O)n2C,compounds_normalized.sdf,541.3910000000003,1.7226999999999988,120.58,1,7,5,34,0,0,0,0,0,1,0,0,1,0.23222322232223216,0.2866102129832928,0.9087301587301589,0.02,0.3440736882164631,1.03,low,Bacillus cereus,0.354395898862957,1,5,FabI; DHFR; FtsZ; GyrB; MurA,GyrB is the ATPase subunit of DNA gyrase; target evidence is based on similarity to GyrB reference ligands and should be distinguished from whole-gyrase/topoisomerase-IV predictions.
T2Z5,FabI,0.1764705882352941,0.1695140197976128,0.6578947368421053,CHEMBL296932,6.52,300.0,CHEMBL3994,S. aureus,331,0.174757281553398,0,0,Cn1cnc2c1c(=O)n(CC(=O)N/N=C/c1c(-c3ccc(Br)cc3)nc3sccn13)c(=O)n2C,compounds_normalized.sdf,541.3910000000003,1.7226999999999988,120.58,1,7,5,34,0,0,0,0,0,1,0,0,1,0.13903743315508016,0.1989200439946951,0.7969924812030077,0.02,0.258797599756665,1.0,low,Bacillus cereus,0.258797599756665,2,5,FabI; DHFR; FtsZ; GyrB; MurA,FabI/FabL is the enoyl-ACP reductase of type-II fatty-acid synthesis; ranking is ligand-similarity based because the series lacks a canonical triclosan-like motif.
T2Z6,GyrB,0.2277227722772277,0.2067174983288157,0.7361111111111112,CHEMBL3735875,6.58,262.0,CHEMBL1921666,S. aureus,253,0.2058823529411764,0,0,Cn1cnc2c1c(=O)n(CC(=O)N/N=C/c1c(-c3ccc(Cl)cc3)nc3sccn13)c(=O)n2C,compounds_normalized.sdf,496.9400000000003,1.6135999999999988,120.58,1,7,5,34,0,0,0,0,0,1,0,0,1,0.23222322232223216,0.2815944407307015,0.9087301587301589,0.02,0.3428197451533153,1.03,low,Bacillus cereus,0.35310433750791476,1,5,FabI; DHFR; FtsZ; GyrB; MurA,GyrB is the ATPase subunit of DNA gyrase; target evidence is based on similarity to GyrB reference ligands and should be distinguished from whole-gyrase/topoisomerase-IV predictions.
T2Z6,MurA,0.1851851851851851,0.1784266639571752,0.5949367088607594,CHEMBL5219036,4.8,16000.0,CHEMBL1984,E. coli,94,0.1801801801801801,0,0,Cn1cnc2c1c(=O)n(CC(=O)N/N=C/c1c(-c3ccc(Cl)cc3)nc3sccn13)c(=O)n2C,compounds_normalized.sdf,496.9400000000003,1.6135999999999988,120.58,1,7,5,34,0,0,0,0,0,1,0,0,1,0.15488215488215468,0.2187259199048338,0.7070524412296564,0.02,0.25818042360173427,1.0,low,Bacillus cereus,0.25818042360173427,2,5,FabI; DHFR; FtsZ; GyrB; MurA,"MurA catalyzes the first committed enolpyruvyl-transfer step of peptidoglycan synthesis; the best-established covalent benchmark is fosfomycin, so non-electrophilic similarity is provisional."
T2Z9,GyrB,0.2,0.1858498023715415,0.7023809523809523,CHEMBL3735875,6.58,262.0,CHEMBL1921666,S. aureus,253,0.1909090909090909,0,0,Cc1c(-c2nn(-c3ccccc3)cc2/C=N/NC(=O)Cn2c(=O)c3c(ncn3C)n(C)c2=O)nnn1-c1ccc(Cl)cc1,compounds_normalized.sdf,598.0270000000002,1.9792199999999995,151.81,1,8,7,43,0,0,0,0,0,1,0,0,1,0.18181818181818182,0.23522178304787,0.8605442176870748,0.02,0.2987961693241197,1.03,low,Bacillus cereus,0.3077600544038433,1,5,FabI; DHFR; FtsZ; GyrB; MurA,GyrB is the ATPase subunit of DNA gyrase; target evidence is based on similarity to GyrB reference ligands and should be distinguished from whole-gyrase/topoisomerase-IV predictions.
T2Z9,FabI,0.2,0.1881233671988389,0.7051282051282052,CHEMBL3623422,6.96,110.0,CHEMBL3994,S. aureus,331,0.19,0,0,Cc1c(-c2nn(-c3ccccc3)cc2/C=N/NC(=O)Cn2c(=O)c3c(ncn3C)n(C)c2=O)nnn1-c1ccc(Cl)cc1,compounds_normalized.sdf,598.0270000000002,1.9792199999999995,151.81,1,8,7,43,0,0,0,0,0,1,0,0,1,0.18181818181818182,0.2402741493307531,0.8644688644688646,0.02,0.30064795791210885,1.0,low,Bacillus cereus,0.30064795791210885,2,5,FabI; DHFR; FtsZ; GyrB; MurA,FabI/FabL is the enoyl-ACP reductase of type-II fatty-acid synthesis; ranking is ligand-similarity based because the series lacks a canonical triclosan-like motif.
X1V11,GyrB,0.282051282051282,0.2773230979515523,0.7424242424242424,CHEMBL3962799,5.7,2000.0,CHEMBL1826,E. coli,253,0.282051282051282,0,0,COc1ccc(/C=N/Nc2nc3ccc(S(N)(=O)=O)cc3s2)cc1,compounds_normalized.sdf,362.4360000000001,2.3983,106.67,2,7,5,24,0,0,0,0,0,0,0,0,0,0.33100233100233084,0.43849577322567174,0.9177489177489179,0.0,0.41278744646992105,1.03,moderate,Bacillus cereus,0.4251710698640187,1,5,FabI; DHFR; FtsZ; GyrB; MurA,GyrB is the ATPase subunit of DNA gyrase; target evidence is based on similarity to GyrB reference ligands and should be distinguished from whole-gyrase/topoisomerase-IV predictions.
X1V11,FabI,0.2463768115942029,0.2082019366845769,0.5733333333333334,CHEMBL2178293,6.07,860.0,CHEMBL1857,E. coli,331,0.2058823529411764,0,0,COc1ccc(/C=N/Nc2nc3ccc(S(N)(=O)=O)cc3s2)cc1,compounds_normalized.sdf,362.4360000000001,2.3983,106.67,2,7,5,24,0,0,0,0,0,0,0,0,0,0.26613965744400525,0.28489319263239316,0.6761904761904763,0.0,0.30572169830867235,1.0,low,Bacillus cereus,0.30572169830867235,2,5,FabI; DHFR; FtsZ; GyrB; MurA,FabI/FabL is the enoyl-ACP reductase of type-II fatty-acid synthesis; ranking is ligand-similarity based because the series lacks a canonical triclosan-like motif.
X1V19,GyrB,0.2816901408450704,0.2525559768869628,0.8135593220338984,CHEMBL3944293,5.7,2000.0,CHEMBL1826,E. coli,253,0.25,0,0,N#Cc1ccc(/C=N/Nc2nc3ccc(S(N)(=O)=O)cc3s2)cc1,compounds_normalized.sdf,357.4200000000001,2.26138,121.23,2,7,4,24,0,0,0,0,0,0,0,0,0,0.33034571062740065,0.3834577264154728,1.0,0.0,0.4110372869175686,1.03,moderate,Bacillus cereus,0.42336840552509564,1,5,FabI; DHFR; FtsZ; GyrB; MurA,GyrB is the ATPase subunit of DNA gyrase; target evidence is based on similarity to GyrB reference ligands and should be distinguished from whole-gyrase/topoisomerase-IV predictions.
X1V19,DHFR,0.2142857142857142,0.1717385487289728,0.5238095238095238,CHEMBL120783,6.5,320.0,CHEMBL2329,C. albicans,232,0.188235294117647,0,0,N#Cc1ccc(/C=N/Nc2nc3ccc(S(N)(=O)=O)cc3s2)cc1,compounds_normalized.sdf,357.4200000000001,2.26138,121.23,2,7,4,24,0,0,0,0,0,0,0,0,0,0.20779220779220758,0.20386344161993952,0.6054421768707484,0.0,0.24567829083170095,1.0,low,Bacillus cereus,0.24567829083170095,2,5,FabI; DHFR; FtsZ; GyrB; MurA,FolA/DHFR is an essential folate-cycle enzyme; evidence is strongest when diaminopyrimidine-like or folate-mimetic chemistry is present and the nearest active reference ligands are similar.
X1V20,GyrB,0.2816901408450704,0.2525559768869628,0.8305084745762712,CHEMBL3944293,5.7,2000.0,CHEMBL1826,E. coli,253,0.25,0,0,NS(=O)(=O)c1ccc2nc(N/N=C/c3cccnc3)sc2c1,compounds_normalized.sdf,333.398,1.7846999999999995,110.33,2,7,4,22,0,0,0,0,0,0,0,0,0,0.33034571062740065,0.3834577264154728,1.0,0.0,0.4110372869175686,1.03,moderate,Bacillus cereus,0.42336840552509564,1,5,FabI; DHFR; FtsZ; GyrB; MurA,GyrB is the ATPase subunit of DNA gyrase; target evidence is based on similarity to GyrB reference ligands and should be distinguished from whole-gyrase/topoisomerase-IV predictions.
X1V20,FabI,0.2179487179487179,0.2009586574474215,0.4939759036144578,CHEMBL3623407,5.69,2040.0,CHEMBL3994,S. aureus,331,0.2125,0,0,NS(=O)(=O)c1ccc2nc(N/N=C/c3cccnc3)sc2c1,compounds_normalized.sdf,333.398,1.7846999999999995,110.33,2,7,4,22,0,0,0,0,0,0,0,0,0,0.21445221445221432,0.2687970165498256,0.5628227194492255,0.0,0.25884876928094736,1.0,low,Bacillus cereus,0.25884876928094736,2,5,FabI; DHFR; FtsZ; GyrB; MurA,FabI/FabL is the enoyl-ACP reductase of type-II fatty-acid synthesis; ranking is ligand-similarity based because the series lacks a canonical triclosan-like motif.
X1V26,GyrB,0.3,0.2822763249079038,0.6901408450704225,CHEMBL3944293,5.7,2000.0,CHEMBL1826,E. coli,253,0.2837837837837837,0,0,NS(=O)(=O)c1ccc2nc(N/N=C/c3cc(Cl)ccc3O)sc2c1,compounds_normalized.sdf,382.854,2.748700000000001,117.67,3,7,4,24,0,0,0,0,0,0,0,0,1,0.3636363636363636,0.4495029442397861,0.8430583501006037,0.0,0.42065267039321885,1.03,moderate,Bacillus cereus,0.43327225050501544,1,5,FabI; DHFR; FtsZ; GyrB; MurA,GyrB is the ATPase subunit of DNA gyrase; target evidence is based on similarity to GyrB reference ligands and should be distinguished from whole-gyrase/topoisomerase-IV predictions.
X1V26,FabI,0.2285714285714285,0.2005007221954742,0.618421052631579,CHEMBL2178293,6.07,860.0,CHEMBL1857,E. coli,331,0.208955223880597,0,0,NS(=O)(=O)c1ccc2nc(N/N=C/c3cc(Cl)ccc3O)sc2c1,compounds_normalized.sdf,382.854,2.748700000000001,117.67,3,7,4,24,0,0,0,0,0,0,0,0,1,0.23376623376623362,0.26777938265660933,0.7406015037593986,0.0,0.2949181881111789,1.0,low,Bacillus cereus,0.2949181881111789,2,5,FabI; DHFR; FtsZ; GyrB; MurA,FabI/FabL is the enoyl-ACP reductase of type-II fatty-acid synthesis; ranking is ligand-similarity based because the series lacks a canonical triclosan-like motif.
X1V9,GyrB,0.2941176470588235,0.2697204487696026,0.8448275862068966,CHEMBL3944293,5.7,2000.0,CHEMBL1826,E. coli,253,0.2692307692307692,0,0,Cc1ccc(/C=N/Nc2nc3ccc(S(N)(=O)=O)cc3s2)cc1,compounds_normalized.sdf,346.43700000000007,2.698120000000001,97.44,2,6,4,23,0,0,0,0,0,0,0,0,0,0.3529411764705881,0.42160099726578354,1.0,0.0,0.43187083755173994,1.03,moderate,Bacillus cereus,0.44482696267829214,1,5,FabI; DHFR; FtsZ; GyrB; MurA,GyrB is the ATPase subunit of DNA gyrase; target evidence is based on similarity to GyrB reference ligands and should be distinguished from whole-gyrase/topoisomerase-IV predictions.
X1V9,DHFR,0.216867469879518,0.1981817312704435,0.5421686746987951,CHEMBL367220,6.27,538.0,CHEMBL2329,C. albicans,232,0.2151898734177215,0,0,Cc1ccc(/C=N/Nc2nc3ccc(S(N)(=O)=O)cc3s2)cc1,compounds_normalized.sdf,346.43700000000007,2.698120000000001,97.44,2,6,4,23,0,0,0,0,0,0,0,0,0,0.21248630887185088,0.26262606948987444,0.6316695352839932,0.0,0.26665010210099305,1.0,low,Bacillus cereus,0.26665010210099305,2,5,FabI; DHFR; FtsZ; GyrB; MurA,FolA/DHFR is an essential folate-cycle enzyme; evidence is strongest when diaminopyrimidine-like or folate-mimetic chemistry is present and the nearest active reference ligands are similar.
BI-1,GyrB,0.375,0.317451558103732,0.6307692307692307,CHEMBL3341781,5.5,3132.0,CHEMBL1921666,S. aureus,253,0.3623188405797101,0,0,O=C(CSc1nc2cc(OC(F)F)ccc2[nH]1)Nc1ccccc1,compounds_normalized.sdf,349.3620000000001,3.895100000000002,67.00999999999999,2,4,6,24,0,0,0,0,0,0,0,0,0,0.5,0.5276701291194044,0.7582417582417583,0.0,0.4956537960161148,1.03,moderate,Escherichia coli,0.5105234098965983,1,5,MurA; DHFR; FabI; GyrB; LpxC,GyrB is the ATPase subunit of DNA gyrase; target evidence is based on similarity to GyrB reference ligands and should be distinguished from whole-gyrase/topoisomerase-IV predictions.
BI-1,LpxC,0.2051282051282051,0.1988599194232997,0.5138888888888888,CHEMBL3647226,8.02,9.55,CHEMBL3855,P. aeruginosa,600,0.2,0,0,O=C(CSc1nc2cc(OC(F)F)ccc2[nH]1)Nc1ccccc1,compounds_normalized.sdf,349.3620000000001,3.895100000000002,67.00999999999999,2,4,6,24,0,0,0,0,0,0,0,0,0,0.19114219114219105,0.2641331542739993,0.5912698412698413,0.0,0.25029486033007153,1.05,low,Escherichia coli,0.2628096033465751,2,5,MurA; DHFR; FabI; GyrB; LpxC,"LpxC is a Zn-dependent deacetylase in lipid-A biosynthesis; hydroxamate-like chelation is a strong mechanistic flag, while similarity alone is insufficient."
BI-6,GyrB,0.3164556962025316,0.2783629095754346,0.6438356164383562,CHEMBL3341781,5.5,3132.0,CHEMBL1921666,S. aureus,253,0.3026315789473684,0,0,Cc1cccc(NC(=O)CSc2nc3cc(OC(F)F)ccc3[nH]2)c1,compounds_normalized.sdf,363.389,4.203520000000002,67.01,2,4,6,25,0,0,0,0,0,0,0,0,0,0.39355581127733014,0.44080646572318793,0.7769080234833661,0.0,0.42351572559196693,1.03,moderate,Escherichia coli,0.436221197359726,1,5,MurA; DHFR; FabI; GyrB; LpxC,GyrB is the ATPase subunit of DNA gyrase; target evidence is based on similarity to GyrB reference ligands and should be distinguished from whole-gyrase/topoisomerase-IV predictions.
BI-6,LpxC,0.2317073170731707,0.217460910969692,0.5131578947368421,CHEMBL3647252,9.05,0.883,CHEMBL3855,P. aeruginosa,600,0.2234042553191489,0,0,Cc1cccc(NC(=O)CSc2nc3cc(OC(F)F)ccc3[nH]2)c1,compounds_normalized.sdf,363.389,4.203520000000002,67.01,2,4,6,25,0,0,0,0,0,0,0,0,0,0.23946784922394668,0.30546869104375995,0.5902255639097745,0.0,0.2846349319593795,1.05,low,Escherichia coli,0.2988666785573485,2,5,MurA; DHFR; FabI; GyrB; LpxC,"LpxC is a Zn-dependent deacetylase in lipid-A biosynthesis; hydroxamate-like chelation is a strong mechanistic flag, while similarity alone is insufficient."
OX-11,GyrB,0.2083333333333333,0.1963518325516762,0.7051282051282052,CHEMBL3736056,7.89,13.0,CHEMBL1921666,S. aureus,253,0.1979166666666666,0,0,Cc1cccc(C)c1NC(=O)CSc1nnc(Cn2c(=O)c3c(ncn3C)n(C)c2=O)o1,compounds_normalized.sdf,455.50000000000017,1.21264,129.84,1,8,6,32,0,0,0,0,0,0,0,0,0,0.19696969696969685,0.2585596278926138,0.8644688644688646,0.0,0.2927950851283315,1.03,low,Escherichia coli,0.30157893768218147,1,5,MurA; DHFR; FabI; GyrB; LpxC,GyrB is the ATPase subunit of DNA gyrase; target evidence is based on similarity to GyrB reference ligands and should be distinguished from whole-gyrase/topoisomerase-IV predictions.
OX-11,LpxC,0.2022471910112359,0.1983343733535608,0.627906976744186,CHEMBL2023138,8.07,8.5,CHEMBL3855,P. aeruginosa,600,0.2,0,0,Cc1cccc(C)c1NC(=O)CSc1nnc(Cn2c(=O)c3c(ncn3C)n(C)c2=O)o1,compounds_normalized.sdf,455.50000000000017,1.21264,129.84,1,8,6,32,0,0,0,0,0,0,0,0,0,0.1859039836567925,0.262965274119024,0.7541528239202658,0.0,0.27181623394619214,1.05,low,Escherichia coli,0.2854070456435018,2,5,MurA; DHFR; FabI; GyrB; LpxC,"LpxC is a Zn-dependent deacetylase in lipid-A biosynthesis; hydroxamate-like chelation is a strong mechanistic flag, while similarity alone is insufficient."
T2Z14,GyrB,0.2,0.1896636849039595,0.7023809523809523,CHEMBL3735238,7.03,94.0,CHEMBL1921666,S. aureus,253,0.1929824561403508,0,0,Cc1c(-c2nn(-c3ccccc3)cc2/C=N/NC(=O)Cn2c(=O)c3c(ncn3C)n(C)c2=O)nnn1-c1ccc(Br)cc1,compounds_normalized.sdf,642.4780000000003,2.0883199999999986,151.81,1,8,7,43,0,0,0,0,0,1,0,0,1,0.18181818181818182,0.2436970775643544,0.8605442176870748,0.02,0.30091499295324076,1.03,low,Escherichia coli,0.30994244274183796,1,5,MurA; DHFR; FabI; GyrB; LpxC,GyrB is the ATPase subunit of DNA gyrase; target evidence is based on similarity to GyrB reference ligands and should be distinguished from whole-gyrase/topoisomerase-IV predictions.
T2Z14,LpxC,0.22,0.2103447874199184,0.5833333333333334,CHEMBL2023138,8.07,8.5,CHEMBL3855,P. aeruginosa,600,0.21,0,0,Cc1c(-c2nn(-c3ccccc3)cc2/C=N/NC(=O)Cn2c(=O)c3c(ncn3C)n(C)c2=O)nnn1-c1ccc(Br)cc1,compounds_normalized.sdf,642.4780000000003,2.0883199999999986,151.81,1,8,7,43,0,0,0,0,0,1,0,0,1,0.21818181818181814,0.2896550831553742,0.6904761904761906,0.0,0.2850761084511812,1.05,low,Escherichia coli,0.29932991387374025,2,5,MurA; DHFR; FabI; GyrB; LpxC,"LpxC is a Zn-dependent deacetylase in lipid-A biosynthesis; hydroxamate-like chelation is a strong mechanistic flag, while similarity alone is insufficient."
T2Z5,GyrB,0.2277227722772277,0.2089745958424818,0.7361111111111112,CHEMBL3735238,7.03,94.0,CHEMBL1921666,S. aureus,253,0.2075471698113207,0,0,Cn1cnc2c1c(=O)n(CC(=O)N/N=C/c1c(-c3ccc(Br)cc3)nc3sccn13)c(=O)n2C,compounds_normalized.sdf,541.3910000000003,1.7226999999999988,120.58,1,7,5,34,0,0,0,0,0,1,0,0,1,0.23222322232223216,0.2866102129832928,0.9087301587301589,0.02,0.3440736882164631,1.03,low,Escherichia coli,0.354395898862957,1,5,MurA; DHFR; FabI; GyrB; LpxC,GyrB is the ATPase subunit of DNA gyrase; target evidence is based on similarity to GyrB reference ligands and should be distinguished from whole-gyrase/topoisomerase-IV predictions.
T2Z5,LpxC,0.2448979591836734,0.2183662402760147,0.5666666666666667,CHEMBL2023522,8.96,1.1,CHEMBL3855,P. aeruginosa,600,0.2142857142857142,0,0,Cn1cnc2c1c(=O)n(CC(=O)N/N=C/c1c(-c3ccc(Br)cc3)nc3sccn13)c(=O)n2C,compounds_normalized.sdf,541.3910000000003,1.7226999999999988,120.58,1,7,5,34,0,0,0,0,0,1,0,0,1,0.2634508348794062,0.3074805339466993,0.6666666666666667,0.0,0.3085955509263779,1.05,low,Escherichia coli,0.3240253284726968,2,5,MurA; DHFR; FabI; GyrB; LpxC,"LpxC is a Zn-dependent deacetylase in lipid-A biosynthesis; hydroxamate-like chelation is a strong mechanistic flag, while similarity alone is insufficient."
T2Z6,GyrB,0.2277227722772277,0.2067174983288157,0.7361111111111112,CHEMBL3735875,6.58,262.0,CHEMBL1921666,S. aureus,253,0.2058823529411764,0,0,Cn1cnc2c1c(=O)n(CC(=O)N/N=C/c1c(-c3ccc(Cl)cc3)nc3sccn13)c(=O)n2C,compounds_normalized.sdf,496.9400000000003,1.6135999999999988,120.58,1,7,5,34,0,0,0,0,0,1,0,0,1,0.23222322232223216,0.2815944407307015,0.9087301587301589,0.02,0.3428197451533153,1.03,low,Escherichia coli,0.35310433750791476,1,5,MurA; DHFR; FabI; GyrB; LpxC,GyrB is the ATPase subunit of DNA gyrase; target evidence is based on similarity to GyrB reference ligands and should be distinguished from whole-gyrase/topoisomerase-IV predictions.
T2Z6,LpxC,0.22,0.1982601260126012,0.5666666666666667,CHEMBL2023522,8.96,1.1,CHEMBL3855,P. aeruginosa,600,0.2,0,0,Cn1cnc2c1c(=O)n(CC(=O)N/N=C/c1c(-c3ccc(Cl)cc3)nc3sccn13)c(=O)n2C,compounds_normalized.sdf,496.9400000000003,1.6135999999999988,120.58,1,7,5,34,0,0,0,0,0,1,0,0,1,0.21818181818181814,0.26280028002800265,0.6666666666666667,0.0,0.2747909790979097,1.05,low,Escherichia coli,0.2885305280528052,2,5,MurA; DHFR; FabI; GyrB; LpxC,"LpxC is a Zn-dependent deacetylase in lipid-A biosynthesis; hydroxamate-like chelation is a strong mechanistic flag, while similarity alone is insufficient."
T2Z9,GyrB,0.2,0.1858498023715415,0.7023809523809523,CHEMBL3735875,6.58,262.0,CHEMBL1921666,S. aureus,253,0.1909090909090909,0,0,Cc1c(-c2nn(-c3ccccc3)cc2/C=N/NC(=O)Cn2c(=O)c3c(ncn3C)n(C)c2=O)nnn1-c1ccc(Cl)cc1,compounds_normalized.sdf,598.0270000000002,1.9792199999999995,151.81,1,8,7,43,0,0,0,0,0,1,0,0,1,0.18181818181818182,0.23522178304787,0.8605442176870748,0.02,0.2987961693241197,1.03,low,Escherichia coli,0.3077600544038433,1,5,MurA; DHFR; FabI; GyrB; LpxC,GyrB is the ATPase subunit of DNA gyrase; target evidence is based on similarity to GyrB reference ligands and should be distinguished from whole-gyrase/topoisomerase-IV predictions.
T2Z9,FabI,0.2,0.1881233671988389,0.7051282051282052,CHEMBL3623422,6.96,110.0,CHEMBL3994,S. aureus,331,0.19,0,0,Cc1c(-c2nn(-c3ccccc3)cc2/C=N/NC(=O)Cn2c(=O)c3c(ncn3C)n(C)c2=O)nnn1-c1ccc(Cl)cc1,compounds_normalized.sdf,598.0270000000002,1.9792199999999995,151.81,1,8,7,43,0,0,0,0,0,1,0,0,1,0.18181818181818182,0.2402741493307531,0.8644688644688646,0.02,0.30064795791210885,1.0,low,Escherichia coli,0.30064795791210885,2,5,MurA; DHFR; FabI; GyrB; LpxC,FabI/FabL is the enoyl-ACP reductase of type-II fatty-acid synthesis; ranking is ligand-similarity based because the series lacks a canonical triclosan-like motif.
X1V11,GyrB,0.282051282051282,0.2773230979515523,0.7424242424242424,CHEMBL3962799,5.7,2000.0,CHEMBL1826,E. coli,253,0.282051282051282,0,0,COc1ccc(/C=N/Nc2nc3ccc(S(N)(=O)=O)cc3s2)cc1,compounds_normalized.sdf,362.4360000000001,2.3983,106.67,2,7,5,24,0,0,0,0,0,0,0,0,0,0.33100233100233084,0.43849577322567174,0.9177489177489179,0.0,0.41278744646992105,1.03,moderate,Escherichia coli,0.4251710698640187,1,5,MurA; DHFR; FabI; GyrB; LpxC,GyrB is the ATPase subunit of DNA gyrase; target evidence is based on similarity to GyrB reference ligands and should be distinguished from whole-gyrase/topoisomerase-IV predictions.
X1V11,FabI,0.2463768115942029,0.2082019366845769,0.5733333333333334,CHEMBL2178293,6.07,860.0,CHEMBL1857,E. coli,331,0.2058823529411764,0,0,COc1ccc(/C=N/Nc2nc3ccc(S(N)(=O)=O)cc3s2)cc1,compounds_normalized.sdf,362.4360000000001,2.3983,106.67,2,7,5,24,0,0,0,0,0,0,0,0,0,0.26613965744400525,0.28489319263239316,0.6761904761904763,0.0,0.30572169830867235,1.0,low,Escherichia coli,0.30572169830867235,2,5,MurA; DHFR; FabI; GyrB; LpxC,FabI/FabL is the enoyl-ACP reductase of type-II fatty-acid synthesis; ranking is ligand-similarity based because the series lacks a canonical triclosan-like motif.
X1V19,GyrB,0.2816901408450704,0.2525559768869628,0.8135593220338984,CHEMBL3944293,5.7,2000.0,CHEMBL1826,E. coli,253,0.25,0,0,N#Cc1ccc(/C=N/Nc2nc3ccc(S(N)(=O)=O)cc3s2)cc1,compounds_normalized.sdf,357.4200000000001,2.26138,121.23,2,7,4,24,0,0,0,0,0,0,0,0,0,0.33034571062740065,0.3834577264154728,1.0,0.0,0.4110372869175686,1.03,moderate,Escherichia coli,0.42336840552509564,1,5,MurA; DHFR; FabI; GyrB; LpxC,GyrB is the ATPase subunit of DNA gyrase; target evidence is based on similarity to GyrB reference ligands and should be distinguished from whole-gyrase/topoisomerase-IV predictions.
X1V19,LpxC,0.2027027027027027,0.1971384083476293,0.5316455696202531,CHEMBL1956131,9.19,0.64,CHEMBL3855,P. aeruginosa,600,0.2025316455696202,0,0,N#Cc1ccc(/C=N/Nc2nc3ccc(S(N)(=O)=O)cc3s2)cc1,compounds_normalized.sdf,357.4200000000001,2.26138,121.23,2,7,4,24,0,0,0,0,0,0,0,0,0,0.18673218673218667,0.2603075741058429,0.6166365280289331,0.0,0.250938466096894,1.05,low,Escherichia coli,0.2634853894017387,2,5,MurA; DHFR; FabI; GyrB; LpxC,"LpxC is a Zn-dependent deacetylase in lipid-A biosynthesis; hydroxamate-like chelation is a strong mechanistic flag, while similarity alone is insufficient."
X1V20,GyrB,0.2816901408450704,0.2525559768869628,0.8305084745762712,CHEMBL3944293,5.7,2000.0,CHEMBL1826,E. coli,253,0.25,0,0,NS(=O)(=O)c1ccc2nc(N/N=C/c3cccnc3)sc2c1,compounds_normalized.sdf,333.398,1.7846999999999995,110.33,2,7,4,22,0,0,0,0,0,0,0,0,0,0.33034571062740065,0.3834577264154728,1.0,0.0,0.4110372869175686,1.03,moderate,Escherichia coli,0.42336840552509564,1,5,MurA; DHFR; FabI; GyrB; LpxC,GyrB is the ATPase subunit of DNA gyrase; target evidence is based on similarity to GyrB reference ligands and should be distinguished from whole-gyrase/topoisomerase-IV predictions.
X1V20,FabI,0.2179487179487179,0.2009586574474215,0.4939759036144578,CHEMBL3623407,5.69,2040.0,CHEMBL3994,S. aureus,331,0.2125,0,0,NS(=O)(=O)c1ccc2nc(N/N=C/c3cccnc3)sc2c1,compounds_normalized.sdf,333.398,1.7846999999999995,110.33,2,7,4,22,0,0,0,0,0,0,0,0,0,0.21445221445221432,0.2687970165498256,0.5628227194492255,0.0,0.25884876928094736,1.0,low,Escherichia coli,0.25884876928094736,2,5,MurA; DHFR; FabI; GyrB; LpxC,FabI/FabL is the enoyl-ACP reductase of type-II fatty-acid synthesis; ranking is ligand-similarity based because the series lacks a canonical triclosan-like motif.
X1V26,GyrB,0.3,0.2822763249079038,0.6901408450704225,CHEMBL3944293,5.7,2000.0,CHEMBL1826,E. coli,253,0.2837837837837837,0,0,NS(=O)(=O)c1ccc2nc(N/N=C/c3cc(Cl)ccc3O)sc2c1,compounds_normalized.sdf,382.854,2.748700000000001,117.67,3,7,4,24,0,0,0,0,0,0,0,0,1,0.3636363636363636,0.4495029442397861,0.8430583501006037,0.0,0.42065267039321885,1.03,moderate,Escherichia coli,0.43327225050501544,1,5,MurA; DHFR; FabI; GyrB; LpxC,GyrB is the ATPase subunit of DNA gyrase; target evidence is based on similarity to GyrB reference ligands and should be distinguished from whole-gyrase/topoisomerase-IV predictions.
X1V26,FabI,0.2285714285714285,0.2005007221954742,0.618421052631579,CHEMBL2178293,6.07,860.0,CHEMBL1857,E. coli,331,0.208955223880597,0,0,NS(=O)(=O)c1ccc2nc(N/N=C/c3cc(Cl)ccc3O)sc2c1,compounds_normalized.sdf,382.854,2.748700000000001,117.67,3,7,4,24,0,0,0,0,0,0,0,0,1,0.23376623376623362,0.26777938265660933,0.7406015037593986,0.0,0.2949181881111789,1.0,low,Escherichia coli,0.2949181881111789,2,5,MurA; DHFR; FabI; GyrB; LpxC,FabI/FabL is the enoyl-ACP reductase of type-II fatty-acid synthesis; ranking is ligand-similarity based because the series lacks a canonical triclosan-like motif.
X1V9,GyrB,0.2941176470588235,0.2697204487696026,0.8448275862068966,CHEMBL3944293,5.7,2000.0,CHEMBL1826,E. coli,253,0.2692307692307692,0,0,Cc1ccc(/C=N/Nc2nc3ccc(S(N)(=O)=O)cc3s2)cc1,compounds_normalized.sdf,346.43700000000007,2.698120000000001,97.44,2,6,4,23,0,0,0,0,0,0,0,0,0,0.3529411764705881,0.42160099726578354,1.0,0.0,0.43187083755173994,1.03,moderate,Escherichia coli,0.44482696267829214,1,5,MurA; DHFR; FabI; GyrB; LpxC,GyrB is the ATPase subunit of DNA gyrase; target evidence is based on similarity to GyrB reference ligands and should be distinguished from whole-gyrase/topoisomerase-IV predictions.
X1V9,DHFR,0.216867469879518,0.1981817312704435,0.5421686746987951,CHEMBL367220,6.27,538.0,CHEMBL2329,C. albicans,232,0.2151898734177215,0,0,Cc1ccc(/C=N/Nc2nc3ccc(S(N)(=O)=O)cc3s2)cc1,compounds_normalized.sdf,346.43700000000007,2.698120000000001,97.44,2,6,4,23,0,0,0,0,0,0,0,0,0,0.21248630887185088,0.26262606948987444,0.6316695352839932,0.0,0.26665010210099305,1.0,low,Escherichia coli,0.26665010210099305,2,5,MurA; DHFR; FabI; GyrB; LpxC,FolA/DHFR is an essential folate-cycle enzyme; evidence is strongest when diaminopyrimidine-like or folate-mimetic chemistry is present and the nearest active reference ligands are similar.
BI-1,GyrB,0.375,0.317451558103732,0.6307692307692307,CHEMBL3341781,5.5,3132.0,CHEMBL1921666,S. aureus,253,0.3623188405797101,0,0,O=C(CSc1nc2cc(OC(F)F)ccc2[nH]1)Nc1ccccc1,compounds_normalized.sdf,349.3620000000001,3.895100000000002,67.00999999999999,2,4,6,24,0,0,0,0,0,0,0,0,0,0.5,0.5276701291194044,0.7582417582417583,0.0,0.4956537960161148,1.03,moderate,Proteus mirabilis,0.5105234098965983,1,5,MurA; DHFR; FabI; GyrB; LpxC,GyrB is the ATPase subunit of DNA gyrase; target evidence is based on similarity to GyrB reference ligands and should be distinguished from whole-gyrase/topoisomerase-IV predictions.
BI-1,LpxC,0.2051282051282051,0.1988599194232997,0.5138888888888888,CHEMBL3647226,8.02,9.55,CHEMBL3855,P. aeruginosa,600,0.2,0,0,O=C(CSc1nc2cc(OC(F)F)ccc2[nH]1)Nc1ccccc1,compounds_normalized.sdf,349.3620000000001,3.895100000000002,67.00999999999999,2,4,6,24,0,0,0,0,0,0,0,0,0,0.19114219114219105,0.2641331542739993,0.5912698412698413,0.0,0.25029486033007153,1.05,low,Proteus mirabilis,0.2628096033465751,2,5,MurA; DHFR; FabI; GyrB; LpxC,"LpxC is a Zn-dependent deacetylase in lipid-A biosynthesis; hydroxamate-like chelation is a strong mechanistic flag, while similarity alone is insufficient."
BI-6,GyrB,0.3164556962025316,0.2783629095754346,0.6438356164383562,CHEMBL3341781,5.5,3132.0,CHEMBL1921666,S. aureus,253,0.3026315789473684,0,0,Cc1cccc(NC(=O)CSc2nc3cc(OC(F)F)ccc3[nH]2)c1,compounds_normalized.sdf,363.389,4.203520000000002,67.01,2,4,6,25,0,0,0,0,0,0,0,0,0,0.39355581127733014,0.44080646572318793,0.7769080234833661,0.0,0.42351572559196693,1.03,moderate,Proteus mirabilis,0.436221197359726,1,5,MurA; DHFR; FabI; GyrB; LpxC,GyrB is the ATPase subunit of DNA gyrase; target evidence is based on similarity to GyrB reference ligands and should be distinguished from whole-gyrase/topoisomerase-IV predictions.
BI-6,LpxC,0.2317073170731707,0.217460910969692,0.5131578947368421,CHEMBL3647252,9.05,0.883,CHEMBL3855,P. aeruginosa,600,0.2234042553191489,0,0,Cc1cccc(NC(=O)CSc2nc3cc(OC(F)F)ccc3[nH]2)c1,compounds_normalized.sdf,363.389,4.203520000000002,67.01,2,4,6,25,0,0,0,0,0,0,0,0,0,0.23946784922394668,0.30546869104375995,0.5902255639097745,0.0,0.2846349319593795,1.05,low,Proteus mirabilis,0.2988666785573485,2,5,MurA; DHFR; FabI; GyrB; LpxC,"LpxC is a Zn-dependent deacetylase in lipid-A biosynthesis; hydroxamate-like chelation is a strong mechanistic flag, while similarity alone is insufficient."
OX-11,GyrB,0.2083333333333333,0.1963518325516762,0.7051282051282052,CHEMBL3736056,7.89,13.0,CHEMBL1921666,S. aureus,253,0.1979166666666666,0,0,Cc1cccc(C)c1NC(=O)CSc1nnc(Cn2c(=O)c3c(ncn3C)n(C)c2=O)o1,compounds_normalized.sdf,455.50000000000017,1.21264,129.84,1,8,6,32,0,0,0,0,0,0,0,0,0,0.19696969696969685,0.2585596278926138,0.8644688644688646,0.0,0.2927950851283315,1.03,low,Proteus mirabilis,0.30157893768218147,1,5,MurA; DHFR; FabI; GyrB; LpxC,GyrB is the ATPase subunit of DNA gyrase; target evidence is based on similarity to GyrB reference ligands and should be distinguished from whole-gyrase/topoisomerase-IV predictions.
OX-11,LpxC,0.2022471910112359,0.1983343733535608,0.627906976744186,CHEMBL2023138,8.07,8.5,CHEMBL3855,P. aeruginosa,600,0.2,0,0,Cc1cccc(C)c1NC(=O)CSc1nnc(Cn2c(=O)c3c(ncn3C)n(C)c2=O)o1,compounds_normalized.sdf,455.50000000000017,1.21264,129.84,1,8,6,32,0,0,0,0,0,0,0,0,0,0.1859039836567925,0.262965274119024,0.7541528239202658,0.0,0.27181623394619214,1.05,low,Proteus mirabilis,0.2854070456435018,2,5,MurA; DHFR; FabI; GyrB; LpxC,"LpxC is a Zn-dependent deacetylase in lipid-A biosynthesis; hydroxamate-like chelation is a strong mechanistic flag, while similarity alone is insufficient."
T2Z14,GyrB,0.2,0.1896636849039595,0.7023809523809523,CHEMBL3735238,7.03,94.0,CHEMBL1921666,S. aureus,253,0.1929824561403508,0,0,Cc1c(-c2nn(-c3ccccc3)cc2/C=N/NC(=O)Cn2c(=O)c3c(ncn3C)n(C)c2=O)nnn1-c1ccc(Br)cc1,compounds_normalized.sdf,642.4780000000003,2.0883199999999986,151.81,1,8,7,43,0,0,0,0,0,1,0,0,1,0.18181818181818182,0.2436970775643544,0.8605442176870748,0.02,0.30091499295324076,1.03,low,Proteus mirabilis,0.30994244274183796,1,5,MurA; DHFR; FabI; GyrB; LpxC,GyrB is the ATPase subunit of DNA gyrase; target evidence is based on similarity to GyrB reference ligands and should be distinguished from whole-gyrase/topoisomerase-IV predictions.
T2Z14,LpxC,0.22,0.2103447874199184,0.5833333333333334,CHEMBL2023138,8.07,8.5,CHEMBL3855,P. aeruginosa,600,0.21,0,0,Cc1c(-c2nn(-c3ccccc3)cc2/C=N/NC(=O)Cn2c(=O)c3c(ncn3C)n(C)c2=O)nnn1-c1ccc(Br)cc1,compounds_normalized.sdf,642.4780000000003,2.0883199999999986,151.81,1,8,7,43,0,0,0,0,0,1,0,0,1,0.21818181818181814,0.2896550831553742,0.6904761904761906,0.0,0.2850761084511812,1.05,low,Proteus mirabilis,0.29932991387374025,2,5,MurA; DHFR; FabI; GyrB; LpxC,"LpxC is a Zn-dependent deacetylase in lipid-A biosynthesis; hydroxamate-like chelation is a strong mechanistic flag, while similarity alone is insufficient."
T2Z5,GyrB,0.2277227722772277,0.2089745958424818,0.7361111111111112,CHEMBL3735238,7.03,94.0,CHEMBL1921666,S. aureus,253,0.2075471698113207,0,0,Cn1cnc2c1c(=O)n(CC(=O)N/N=C/c1c(-c3ccc(Br)cc3)nc3sccn13)c(=O)n2C,compounds_normalized.sdf,541.3910000000003,1.7226999999999988,120.58,1,7,5,34,0,0,0,0,0,1,0,0,1,0.23222322232223216,0.2866102129832928,0.9087301587301589,0.02,0.3440736882164631,1.03,low,Proteus mirabilis,0.354395898862957,1,5,MurA; DHFR; FabI; GyrB; LpxC,GyrB is the ATPase subunit of DNA gyrase; target evidence is based on similarity to GyrB reference ligands and should be distinguished from whole-gyrase/topoisomerase-IV predictions.
T2Z5,LpxC,0.2448979591836734,0.2183662402760147,0.5666666666666667,CHEMBL2023522,8.96,1.1,CHEMBL3855,P. aeruginosa,600,0.2142857142857142,0,0,Cn1cnc2c1c(=O)n(CC(=O)N/N=C/c1c(-c3ccc(Br)cc3)nc3sccn13)c(=O)n2C,compounds_normalized.sdf,541.3910000000003,1.7226999999999988,120.58,1,7,5,34,0,0,0,0,0,1,0,0,1,0.2634508348794062,0.3074805339466993,0.6666666666666667,0.0,0.3085955509263779,1.05,low,Proteus mirabilis,0.3240253284726968,2,5,MurA; DHFR; FabI; GyrB; LpxC,"LpxC is a Zn-dependent deacetylase in lipid-A biosynthesis; hydroxamate-like chelation is a strong mechanistic flag, while similarity alone is insufficient."
T2Z6,GyrB,0.2277227722772277,0.2067174983288157,0.7361111111111112,CHEMBL3735875,6.58,262.0,CHEMBL1921666,S. aureus,253,0.2058823529411764,0,0,Cn1cnc2c1c(=O)n(CC(=O)N/N=C/c1c(-c3ccc(Cl)cc3)nc3sccn13)c(=O)n2C,compounds_normalized.sdf,496.9400000000003,1.6135999999999988,120.58,1,7,5,34,0,0,0,0,0,1,0,0,1,0.23222322232223216,0.2815944407307015,0.9087301587301589,0.02,0.3428197451533153,1.03,low,Proteus mirabilis,0.35310433750791476,1,5,MurA; DHFR; FabI; GyrB; LpxC,GyrB is the ATPase subunit of DNA gyrase; target evidence is based on similarity to GyrB reference ligands and should be distinguished from whole-gyrase/topoisomerase-IV predictions.
T2Z6,LpxC,0.22,0.1982601260126012,0.5666666666666667,CHEMBL2023522,8.96,1.1,CHEMBL3855,P. aeruginosa,600,0.2,0,0,Cn1cnc2c1c(=O)n(CC(=O)N/N=C/c1c(-c3ccc(Cl)cc3)nc3sccn13)c(=O)n2C,compounds_normalized.sdf,496.9400000000003,1.6135999999999988,120.58,1,7,5,34,0,0,0,0,0,1,0,0,1,0.21818181818181814,0.26280028002800265,0.6666666666666667,0.0,0.2747909790979097,1.05,low,Proteus mirabilis,0.2885305280528052,2,5,MurA; DHFR; FabI; GyrB; LpxC,"LpxC is a Zn-dependent deacetylase in lipid-A biosynthesis; hydroxamate-like chelation is a strong mechanistic flag, while similarity alone is insufficient."
T2Z9,GyrB,0.2,0.1858498023715415,0.7023809523809523,CHEMBL3735875,6.58,262.0,CHEMBL1921666,S. aureus,253,0.1909090909090909,0,0,Cc1c(-c2nn(-c3ccccc3)cc2/C=N/NC(=O)Cn2c(=O)c3c(ncn3C)n(C)c2=O)nnn1-c1ccc(Cl)cc1,compounds_normalized.sdf,598.0270000000002,1.9792199999999995,151.81,1,8,7,43,0,0,0,0,0,1,0,0,1,0.18181818181818182,0.23522178304787,0.8605442176870748,0.02,0.2987961693241197,1.03,low,Proteus mirabilis,0.3077600544038433,1,5,MurA; DHFR; FabI; GyrB; LpxC,GyrB is the ATPase subunit of DNA gyrase; target evidence is based on similarity to GyrB reference ligands and should be distinguished from whole-gyrase/topoisomerase-IV predictions.
T2Z9,FabI,0.2,0.1881233671988389,0.7051282051282052,CHEMBL3623422,6.96,110.0,CHEMBL3994,S. aureus,331,0.19,0,0,Cc1c(-c2nn(-c3ccccc3)cc2/C=N/NC(=O)Cn2c(=O)c3c(ncn3C)n(C)c2=O)nnn1-c1ccc(Cl)cc1,compounds_normalized.sdf,598.0270000000002,1.9792199999999995,151.81,1,8,7,43,0,0,0,0,0,1,0,0,1,0.18181818181818182,0.2402741493307531,0.8644688644688646,0.02,0.30064795791210885,1.0,low,Proteus mirabilis,0.30064795791210885,2,5,MurA; DHFR; FabI; GyrB; LpxC,FabI/FabL is the enoyl-ACP reductase of type-II fatty-acid synthesis; ranking is ligand-similarity based because the series lacks a canonical triclosan-like motif.
X1V11,GyrB,0.282051282051282,0.2773230979515523,0.7424242424242424,CHEMBL3962799,5.7,2000.0,CHEMBL1826,E. coli,253,0.282051282051282,0,0,COc1ccc(/C=N/Nc2nc3ccc(S(N)(=O)=O)cc3s2)cc1,compounds_normalized.sdf,362.4360000000001,2.3983,106.67,2,7,5,24,0,0,0,0,0,0,0,0,0,0.33100233100233084,0.43849577322567174,0.9177489177489179,0.0,0.41278744646992105,1.03,moderate,Proteus mirabilis,0.4251710698640187,1,5,MurA; DHFR; FabI; GyrB; LpxC,GyrB is the ATPase subunit of DNA gyrase; target evidence is based on similarity to GyrB reference ligands and should be distinguished from whole-gyrase/topoisomerase-IV predictions.
X1V11,FabI,0.2463768115942029,0.2082019366845769,0.5733333333333334,CHEMBL2178293,6.07,860.0,CHEMBL1857,E. coli,331,0.2058823529411764,0,0,COc1ccc(/C=N/Nc2nc3ccc(S(N)(=O)=O)cc3s2)cc1,compounds_normalized.sdf,362.4360000000001,2.3983,106.67,2,7,5,24,0,0,0,0,0,0,0,0,0,0.26613965744400525,0.28489319263239316,0.6761904761904763,0.0,0.30572169830867235,1.0,low,Proteus mirabilis,0.30572169830867235,2,5,MurA; DHFR; FabI; GyrB; LpxC,FabI/FabL is the enoyl-ACP reductase of type-II fatty-acid synthesis; ranking is ligand-similarity based because the series lacks a canonical triclosan-like motif.
X1V19,GyrB,0.2816901408450704,0.2525559768869628,0.8135593220338984,CHEMBL3944293,5.7,2000.0,CHEMBL1826,E. coli,253,0.25,0,0,N#Cc1ccc(/C=N/Nc2nc3ccc(S(N)(=O)=O)cc3s2)cc1,compounds_normalized.sdf,357.4200000000001,2.26138,121.23,2,7,4,24,0,0,0,0,0,0,0,0,0,0.33034571062740065,0.3834577264154728,1.0,0.0,0.4110372869175686,1.03,moderate,Proteus mirabilis,0.42336840552509564,1,5,MurA; DHFR; FabI; GyrB; LpxC,GyrB is the ATPase subunit of DNA gyrase; target evidence is based on similarity to GyrB reference ligands and should be distinguished from whole-gyrase/topoisomerase-IV predictions.
X1V19,LpxC,0.2027027027027027,0.1971384083476293,0.5316455696202531,CHEMBL1956131,9.19,0.64,CHEMBL3855,P. aeruginosa,600,0.2025316455696202,0,0,N#Cc1ccc(/C=N/Nc2nc3ccc(S(N)(=O)=O)cc3s2)cc1,compounds_normalized.sdf,357.4200000000001,2.26138,121.23,2,7,4,24,0,0,0,0,0,0,0,0,0,0.18673218673218667,0.2603075741058429,0.6166365280289331,0.0,0.250938466096894,1.05,low,Proteus mirabilis,0.2634853894017387,2,5,MurA; DHFR; FabI; GyrB; LpxC,"LpxC is a Zn-dependent deacetylase in lipid-A biosynthesis; hydroxamate-like chelation is a strong mechanistic flag, while similarity alone is insufficient."
X1V20,GyrB,0.2816901408450704,0.2525559768869628,0.8305084745762712,CHEMBL3944293,5.7,2000.0,CHEMBL1826,E. coli,253,0.25,0,0,NS(=O)(=O)c1ccc2nc(N/N=C/c3cccnc3)sc2c1,compounds_normalized.sdf,333.398,1.7846999999999995,110.33,2,7,4,22,0,0,0,0,0,0,0,0,0,0.33034571062740065,0.3834577264154728,1.0,0.0,0.4110372869175686,1.03,moderate,Proteus mirabilis,0.42336840552509564,1,5,MurA; DHFR; FabI; GyrB; LpxC,GyrB is the ATPase subunit of DNA gyrase; target evidence is based on similarity to GyrB reference ligands and should be distinguished from whole-gyrase/topoisomerase-IV predictions.
X1V20,FabI,0.2179487179487179,0.2009586574474215,0.4939759036144578,CHEMBL3623407,5.69,2040.0,CHEMBL3994,S. aureus,331,0.2125,0,0,NS(=O)(=O)c1ccc2nc(N/N=C/c3cccnc3)sc2c1,compounds_normalized.sdf,333.398,1.7846999999999995,110.33,2,7,4,22,0,0,0,0,0,0,0,0,0,0.21445221445221432,0.2687970165498256,0.5628227194492255,0.0,0.25884876928094736,1.0,low,Proteus mirabilis,0.25884876928094736,2,5,MurA; DHFR; FabI; GyrB; LpxC,FabI/FabL is the enoyl-ACP reductase of type-II fatty-acid synthesis; ranking is ligand-similarity based because the series lacks a canonical triclosan-like motif.
X1V26,GyrB,0.3,0.2822763249079038,0.6901408450704225,CHEMBL3944293,5.7,2000.0,CHEMBL1826,E. coli,253,0.2837837837837837,0,0,NS(=O)(=O)c1ccc2nc(N/N=C/c3cc(Cl)ccc3O)sc2c1,compounds_normalized.sdf,382.854,2.748700000000001,117.67,3,7,4,24,0,0,0,0,0,0,0,0,1,0.3636363636363636,0.4495029442397861,0.8430583501006037,0.0,0.42065267039321885,1.03,moderate,Proteus mirabilis,0.43327225050501544,1,5,MurA; DHFR; FabI; GyrB; LpxC,GyrB is the ATPase subunit of DNA gyrase; target evidence is based on similarity to GyrB reference ligands and should be distinguished from whole-gyrase/topoisomerase-IV predictions.
X1V26,FabI,0.2285714285714285,0.2005007221954742,0.618421052631579,CHEMBL2178293,6.07,860.0,CHEMBL1857,E. coli,331,0.208955223880597,0,0,NS(=O)(=O)c1ccc2nc(N/N=C/c3cc(Cl)ccc3O)sc2c1,compounds_normalized.sdf,382.854,2.748700000000001,117.67,3,7,4,24,0,0,0,0,0,0,0,0,1,0.23376623376623362,0.26777938265660933,0.7406015037593986,0.0,0.2949181881111789,1.0,low,Proteus mirabilis,0.2949181881111789,2,5,MurA; DHFR; FabI; GyrB; LpxC,FabI/FabL is the enoyl-ACP reductase of type-II fatty-acid synthesis; ranking is ligand-similarity based because the series lacks a canonical triclosan-like motif.
X1V9,GyrB,0.2941176470588235,0.2697204487696026,0.8448275862068966,CHEMBL3944293,5.7,2000.0,CHEMBL1826,E. coli,253,0.2692307692307692,0,0,Cc1ccc(/C=N/Nc2nc3ccc(S(N)(=O)=O)cc3s2)cc1,compounds_normalized.sdf,346.43700000000007,2.698120000000001,97.44,2,6,4,23,0,0,0,0,0,0,0,0,0,0.3529411764705881,0.42160099726578354,1.0,0.0,0.43187083755173994,1.03,moderate,Proteus mirabilis,0.44482696267829214,1,5,MurA; DHFR; FabI; GyrB; LpxC,GyrB is the ATPase subunit of DNA gyrase; target evidence is based on similarity to GyrB reference ligands and should be distinguished from whole-gyrase/topoisomerase-IV predictions.
X1V9,DHFR,0.216867469879518,0.1981817312704435,0.5421686746987951,CHEMBL367220,6.27,538.0,CHEMBL2329,C. albicans,232,0.2151898734177215,0,0,Cc1ccc(/C=N/Nc2nc3ccc(S(N)(=O)=O)cc3s2)cc1,compounds_normalized.sdf,346.43700000000007,2.698120000000001,97.44,2,6,4,23,0,0,0,0,0,0,0,0,0,0.21248630887185088,0.26262606948987444,0.6316695352839932,0.0,0.26665010210099305,1.0,low,Proteus mirabilis,0.26665010210099305,2,5,MurA; DHFR; FabI; GyrB; LpxC,FolA/DHFR is an essential folate-cycle enzyme; evidence is strongest when diaminopyrimidine-like or folate-mimetic chemistry is present and the nearest active reference ligands are similar.
BI-1,GyrB,0.375,0.317451558103732,0.6307692307692307,CHEMBL3341781,5.5,3132.0,CHEMBL1921666,S. aureus,253,0.3623188405797101,0,0,O=C(CSc1nc2cc(OC(F)F)ccc2[nH]1)Nc1ccccc1,compounds_normalized.sdf,349.3620000000001,3.895100000000002,67.00999999999999,2,4,6,24,0,0,0,0,0,0,0,0,0,0.5,0.5276701291194044,0.7582417582417583,0.0,0.4956537960161148,1.03,moderate,Acinetobacter baumannii,0.5105234098965983,1,5,PBP2a; FabI; GyrB; LpxA; MurC,GyrB is the ATPase subunit of DNA gyrase; target evidence is based on similarity to GyrB reference ligands and should be distinguished from whole-gyrase/topoisomerase-IV predictions.
BI-1,MurC,0.2345679012345679,0.2308341850608478,0.5641025641025641,CHEMBL3622702,6.2,630.0,CHEMBL2541,E. coli MurF,167,0.2317073170731707,0,0,O=C(CSc1nc2cc(OC(F)F)ccc2[nH]1)Nc1ccccc1,compounds_normalized.sdf,349.3620000000001,3.895100000000002,67.00999999999999,2,4,6,24,0,0,0,0,0,0,0,0,0,0.24466891133557794,0.33518707791299507,0.6630036630036631,0.0,0.3055817745965872,1.05,low,Acinetobacter baumannii,0.32086086332641656,2,5,PBP2a; FabI; GyrB; LpxA; MurC,MurC and related Mur ligases are ATP-dependent peptidoglycan precursor enzymes; the reference set includes related Mur-ligase chemistry and is lower-confidence than FabI/GyrB.
BI-6,GyrB,0.3164556962025316,0.2783629095754346,0.6438356164383562,CHEMBL3341781,5.5,3132.0,CHEMBL1921666,S. aureus,253,0.3026315789473684,0,0,Cc1cccc(NC(=O)CSc2nc3cc(OC(F)F)ccc3[nH]2)c1,compounds_normalized.sdf,363.389,4.203520000000002,67.01,2,4,6,25,0,0,0,0,0,0,0,0,0,0.39355581127733014,0.44080646572318793,0.7769080234833661,0.0,0.42351572559196693,1.03,moderate,Acinetobacter baumannii,0.436221197359726,1,5,PBP2a; FabI; GyrB; LpxA; MurC,GyrB is the ATPase subunit of DNA gyrase; target evidence is based on similarity to GyrB reference ligands and should be distinguished from whole-gyrase/topoisomerase-IV predictions.
BI-6,MurC,0.2065217391304347,0.2026389706500714,0.5769230769230769,CHEMBL6149895,5.29,5160.0,CHEMBL2541,E. coli MurF,167,0.2045454545454545,0,0,Cc1cccc(NC(=O)CSc2nc3cc(OC(F)F)ccc3[nH]2)c1,compounds_normalized.sdf,363.389,4.203520000000002,67.01,2,4,6,25,0,0,0,0,0,0,0,0,0,0.19367588932806307,0.27253104588904753,0.6813186813186813,0.0,0.2671685083340956,1.05,low,Acinetobacter baumannii,0.2805269337508004,2,5,PBP2a; FabI; GyrB; LpxA; MurC,MurC and related Mur ligases are ATP-dependent peptidoglycan precursor enzymes; the reference set includes related Mur-ligase chemistry and is lower-confidence than FabI/GyrB.
OX-11,MurC,0.29,0.2703727759114097,0.7532467532467533,CHEMBL5090659,5.0,10000.0,CHEMBL2541,E. coli MurF,167,0.2736842105263158,0,0,Cc1cccc(C)c1NC(=O)CSc1nnc(Cn2c(=O)c3c(ncn3C)n(C)c2=O)o1,compounds_normalized.sdf,455.50000000000017,1.21264,129.84,1,8,6,32,0,0,0,0,0,0,0,0,0,0.3454545454545454,0.4230506131364659,0.933209647495362,0.0,0.4184713731356935,1.05,moderate,Acinetobacter baumannii,0.4393949417924782,1,5,PBP2a; FabI; GyrB; LpxA; MurC,MurC and related Mur ligases are ATP-dependent peptidoglycan precursor enzymes; the reference set includes related Mur-ligase chemistry and is lower-confidence than FabI/GyrB.
OX-11,GyrB,0.2083333333333333,0.1963518325516762,0.7051282051282052,CHEMBL3736056,7.89,13.0,CHEMBL1921666,S. aureus,253,0.1979166666666666,0,0,Cc1cccc(C)c1NC(=O)CSc1nnc(Cn2c(=O)c3c(ncn3C)n(C)c2=O)o1,compounds_normalized.sdf,455.50000000000017,1.21264,129.84,1,8,6,32,0,0,0,0,0,0,0,0,0,0.19696969696969685,0.2585596278926138,0.8644688644688646,0.0,0.2927950851283315,1.03,low,Acinetobacter baumannii,0.30157893768218147,2,5,PBP2a; FabI; GyrB; LpxA; MurC,GyrB is the ATPase subunit of DNA gyrase; target evidence is based on similarity to GyrB reference ligands and should be distinguished from whole-gyrase/topoisomerase-IV predictions.
T2Z14,MurC,0.2413793103448276,0.2225886931621324,0.7439024390243902,CHEMBL5090659,5.0,10000.0,CHEMBL2541,E. coli MurF,167,0.2293577981651376,0,0,Cc1c(-c2nn(-c3ccccc3)cc2/C=N/NC(=O)Cn2c(=O)c3c(ncn3C)n(C)c2=O)nnn1-c1ccc(Br)cc1,compounds_normalized.sdf,642.4780000000003,2.0883199999999986,151.81,1,8,7,43,0,0,0,0,0,1,0,0,1,0.25705329153605017,0.3168637625825165,0.9198606271777005,0.02,0.3657216804903093,1.05,moderate,Acinetobacter baumannii,0.38400776451482477,1,5,PBP2a; FabI; GyrB; LpxA; MurC,MurC and related Mur ligases are ATP-dependent peptidoglycan precursor enzymes; the reference set includes related Mur-ligase chemistry and is lower-confidence than FabI/GyrB.
T2Z14,GyrB,0.2,0.1896636849039595,0.7023809523809523,CHEMBL3735238,7.03,94.0,CHEMBL1921666,S. aureus,253,0.1929824561403508,0,0,Cc1c(-c2nn(-c3ccccc3)cc2/C=N/NC(=O)Cn2c(=O)c3c(ncn3C)n(C)c2=O)nnn1-c1ccc(Br)cc1,compounds_normalized.sdf,642.4780000000003,2.0883199999999986,151.81,1,8,7,43,0,0,0,0,0,1,0,0,1,0.18181818181818182,0.2436970775643544,0.8605442176870748,0.02,0.30091499295324076,1.03,low,Acinetobacter baumannii,0.30994244274183796,2,5,PBP2a; FabI; GyrB; LpxA; MurC,GyrB is the ATPase subunit of DNA gyrase; target evidence is based on similarity to GyrB reference ligands and should be distinguished from whole-gyrase/topoisomerase-IV predictions.
T2Z5,MurC,0.2346938775510204,0.2231635955353015,0.7073170731707317,CHEMBL5075801,5.0,10000.0,CHEMBL2541,E. coli MurF,167,0.2244897959183673,0,0,Cn1cnc2c1c(=O)n(CC(=O)N/N=C/c1c(-c3ccc(Br)cc3)nc3sccn13)c(=O)n2C,compounds_normalized.sdf,541.3910000000003,1.7226999999999988,120.58,1,7,5,34,0,0,0,0,0,1,0,0,1,0.2448979591836734,0.3181413234117811,0.867595818815331,0.02,0.35212368326708166,1.05,moderate,Acinetobacter baumannii,0.36972986743043573,1,5,PBP2a; FabI; GyrB; LpxA; MurC,MurC and related Mur ligases are ATP-dependent peptidoglycan precursor enzymes; the reference set includes related Mur-ligase chemistry and is lower-confidence than FabI/GyrB.
T2Z5,GyrB,0.2277227722772277,0.2089745958424818,0.7361111111111112,CHEMBL3735238,7.03,94.0,CHEMBL1921666,S. aureus,253,0.2075471698113207,0,0,Cn1cnc2c1c(=O)n(CC(=O)N/N=C/c1c(-c3ccc(Br)cc3)nc3sccn13)c(=O)n2C,compounds_normalized.sdf,541.3910000000003,1.7226999999999988,120.58,1,7,5,34,0,0,0,0,0,1,0,0,1,0.23222322232223216,0.2866102129832928,0.9087301587301589,0.02,0.3440736882164631,1.03,low,Acinetobacter baumannii,0.354395898862957,2,5,PBP2a; FabI; GyrB; LpxA; MurC,GyrB is the ATPase subunit of DNA gyrase; target evidence is based on similarity to GyrB reference ligands and should be distinguished from whole-gyrase/topoisomerase-IV predictions.
T2Z6,MurC,0.2604166666666667,0.2431438560980892,0.7283950617283951,CHEMBL5075801,5.0,10000.0,CHEMBL2541,E. coli MurF,167,0.25,0,0,Cn1cnc2c1c(=O)n(CC(=O)N/N=C/c1c(-c3ccc(Cl)cc3)nc3sccn13)c(=O)n2C,compounds_normalized.sdf,496.9400000000003,1.6135999999999988,120.58,1,7,5,34,0,0,0,0,0,1,0,0,1,0.2916666666666667,0.3625419024401982,0.8977072310405645,0.02,0.39112489359946756,1.05,moderate,Acinetobacter baumannii,0.41068113827944097,1,5,PBP2a; FabI; GyrB; LpxA; MurC,MurC and related Mur ligases are ATP-dependent peptidoglycan precursor enzymes; the reference set includes related Mur-ligase chemistry and is lower-confidence than FabI/GyrB.
T2Z6,GyrB,0.2277227722772277,0.2067174983288157,0.7361111111111112,CHEMBL3735875,6.58,262.0,CHEMBL1921666,S. aureus,253,0.2058823529411764,0,0,Cn1cnc2c1c(=O)n(CC(=O)N/N=C/c1c(-c3ccc(Cl)cc3)nc3sccn13)c(=O)n2C,compounds_normalized.sdf,496.9400000000003,1.6135999999999988,120.58,1,7,5,34,0,0,0,0,0,1,0,0,1,0.23222322232223216,0.2815944407307015,0.9087301587301589,0.02,0.3428197451533153,1.03,low,Acinetobacter baumannii,0.35310433750791476,2,5,PBP2a; FabI; GyrB; LpxA; MurC,GyrB is the ATPase subunit of DNA gyrase; target evidence is based on similarity to GyrB reference ligands and should be distinguished from whole-gyrase/topoisomerase-IV predictions.
T2Z9,MurC,0.2631578947368421,0.2400318164695571,0.7654320987654321,CHEMBL5090659,5.0,10000.0,CHEMBL2541,E. coli MurF,167,0.2407407407407407,0,0,Cc1c(-c2nn(-c3ccccc3)cc2/C=N/NC(=O)Cn2c(=O)c3c(ncn3C)n(C)c2=O)nnn1-c1ccc(Cl)cc1,compounds_normalized.sdf,598.0270000000002,1.9792199999999995,151.81,1,8,7,43,0,0,0,0,0,1,0,0,1,0.2966507177033492,0.355626258821238,0.9506172839506173,0.02,0.3998245161495767,1.05,moderate,Acinetobacter baumannii,0.41981574195705557,1,5,PBP2a; FabI; GyrB; LpxA; MurC,MurC and related Mur ligases are ATP-dependent peptidoglycan precursor enzymes; the reference set includes related Mur-ligase chemistry and is lower-confidence than FabI/GyrB.
T2Z9,GyrB,0.2,0.1858498023715415,0.7023809523809523,CHEMBL3735875,6.58,262.0,CHEMBL1921666,S. aureus,253,0.1909090909090909,0,0,Cc1c(-c2nn(-c3ccccc3)cc2/C=N/NC(=O)Cn2c(=O)c3c(ncn3C)n(C)c2=O)nnn1-c1ccc(Cl)cc1,compounds_normalized.sdf,598.0270000000002,1.9792199999999995,151.81,1,8,7,43,0,0,0,0,0,1,0,0,1,0.18181818181818182,0.23522178304787,0.8605442176870748,0.02,0.2987961693241197,1.03,low,Acinetobacter baumannii,0.3077600544038433,2,5,PBP2a; FabI; GyrB; LpxA; MurC,GyrB is the ATPase subunit of DNA gyrase; target evidence is based on similarity to GyrB reference ligands and should be distinguished from whole-gyrase/topoisomerase-IV predictions.
X1V11,GyrB,0.282051282051282,0.2773230979515523,0.7424242424242424,CHEMBL3962799,5.7,2000.0,CHEMBL1826,E. coli,253,0.282051282051282,0,0,COc1ccc(/C=N/Nc2nc3ccc(S(N)(=O)=O)cc3s2)cc1,compounds_normalized.sdf,362.4360000000001,2.3983,106.67,2,7,5,24,0,0,0,0,0,0,0,0,0,0.33100233100233084,0.43849577322567174,0.9177489177489179,0.0,0.41278744646992105,1.03,moderate,Acinetobacter baumannii,0.4251710698640187,1,5,PBP2a; FabI; GyrB; LpxA; MurC,GyrB is the ATPase subunit of DNA gyrase; target evidence is based on similarity to GyrB reference ligands and should be distinguished from whole-gyrase/topoisomerase-IV predictions.
X1V11,FabI,0.2463768115942029,0.2082019366845769,0.5733333333333334,CHEMBL2178293,6.07,860.0,CHEMBL1857,E. coli,331,0.2058823529411764,0,0,COc1ccc(/C=N/Nc2nc3ccc(S(N)(=O)=O)cc3s2)cc1,compounds_normalized.sdf,362.4360000000001,2.3983,106.67,2,7,5,24,0,0,0,0,0,0,0,0,0,0.26613965744400525,0.28489319263239316,0.6761904761904763,0.0,0.30572169830867235,1.0,low,Acinetobacter baumannii,0.30572169830867235,2,5,PBP2a; FabI; GyrB; LpxA; MurC,FabI/FabL is the enoyl-ACP reductase of type-II fatty-acid synthesis; ranking is ligand-similarity based because the series lacks a canonical triclosan-like motif.
X1V19,GyrB,0.2816901408450704,0.2525559768869628,0.8135593220338984,CHEMBL3944293,5.7,2000.0,CHEMBL1826,E. coli,253,0.25,0,0,N#Cc1ccc(/C=N/Nc2nc3ccc(S(N)(=O)=O)cc3s2)cc1,compounds_normalized.sdf,357.4200000000001,2.26138,121.23,2,7,4,24,0,0,0,0,0,0,0,0,0,0.33034571062740065,0.3834577264154728,1.0,0.0,0.4110372869175686,1.03,moderate,Acinetobacter baumannii,0.42336840552509564,1,5,PBP2a; FabI; GyrB; LpxA; MurC,GyrB is the ATPase subunit of DNA gyrase; target evidence is based on similarity to GyrB reference ligands and should be distinguished from whole-gyrase/topoisomerase-IV predictions.
X1V19,MurC,0.2692307692307692,0.2147995599470464,0.6571428571428571,CHEMBL271836,4.11,78000.0,CHEMBL4319,S. pneumoniae MurF,167,0.2048192771084337,0,0,N#Cc1ccc(/C=N/Nc2nc3ccc(S(N)(=O)=O)cc3s2)cc1,compounds_normalized.sdf,357.4200000000001,2.26138,121.23,2,7,4,24,0,0,0,0,0,0,0,0,0,0.30769230769230765,0.2995545776601031,0.7959183673469389,0.0,0.3481225533632204,1.05,low,Acinetobacter baumannii,0.3655286810313814,2,5,PBP2a; FabI; GyrB; LpxA; MurC,MurC and related Mur ligases are ATP-dependent peptidoglycan precursor enzymes; the reference set includes related Mur-ligase chemistry and is lower-confidence than FabI/GyrB.
X1V20,GyrB,0.2816901408450704,0.2525559768869628,0.8305084745762712,CHEMBL3944293,5.7,2000.0,CHEMBL1826,E. coli,253,0.25,0,0,NS(=O)(=O)c1ccc2nc(N/N=C/c3cccnc3)sc2c1,compounds_normalized.sdf,333.398,1.7846999999999995,110.33,2,7,4,22,0,0,0,0,0,0,0,0,0,0.33034571062740065,0.3834577264154728,1.0,0.0,0.4110372869175686,1.03,moderate,Acinetobacter baumannii,0.42336840552509564,1,5,PBP2a; FabI; GyrB; LpxA; MurC,GyrB is the ATPase subunit of DNA gyrase; target evidence is based on similarity to GyrB reference ligands and should be distinguished from whole-gyrase/topoisomerase-IV predictions.
X1V20,MurC,0.2073170731707317,0.1791449114160688,0.647887323943662,CHEMBL271836,4.11,78000.0,CHEMBL4319,S. pneumoniae MurF,167,0.1847826086956521,0,0,NS(=O)(=O)c1ccc2nc(N/N=C/c3cccnc3)sc2c1,compounds_normalized.sdf,333.398,1.7846999999999995,110.33,2,7,4,22,0,0,0,0,0,0,0,0,0,0.19512195121951215,0.22032202536904177,0.7826961770623744,0.0,0.27004590851137267,1.05,low,Acinetobacter baumannii,0.2835482039369413,2,5,PBP2a; FabI; GyrB; LpxA; MurC,MurC and related Mur ligases are ATP-dependent peptidoglycan precursor enzymes; the reference set includes related Mur-ligase chemistry and is lower-confidence than FabI/GyrB.
X1V26,GyrB,0.3,0.2822763249079038,0.6901408450704225,CHEMBL3944293,5.7,2000.0,CHEMBL1826,E. coli,253,0.2837837837837837,0,0,NS(=O)(=O)c1ccc2nc(N/N=C/c3cc(Cl)ccc3O)sc2c1,compounds_normalized.sdf,382.854,2.748700000000001,117.67,3,7,4,24,0,0,0,0,0,0,0,0,1,0.3636363636363636,0.4495029442397861,0.8430583501006037,0.0,0.42065267039321885,1.03,moderate,Acinetobacter baumannii,0.43327225050501544,1,5,PBP2a; FabI; GyrB; LpxA; MurC,GyrB is the ATPase subunit of DNA gyrase; target evidence is based on similarity to GyrB reference ligands and should be distinguished from whole-gyrase/topoisomerase-IV predictions.
X1V26,MurC,0.2531645569620253,0.2074468521518149,0.6753246753246753,CHEMBL271836,4.11,78000.0,CHEMBL4319,S. pneumoniae MurF,167,0.2093023255813953,0,0,NS(=O)(=O)c1ccc2nc(N/N=C/c3cc(Cl)ccc3O)sc2c1,compounds_normalized.sdf,382.854,2.748700000000001,117.67,3,7,4,24,0,0,0,0,0,0,0,0,1,0.2784810126582277,0.28321522700403307,0.8218923933209649,0.0,0.3333281720782668,1.05,low,Acinetobacter baumannii,0.34999458068218015,2,5,PBP2a; FabI; GyrB; LpxA; MurC,MurC and related Mur ligases are ATP-dependent peptidoglycan precursor enzymes; the reference set includes related Mur-ligase chemistry and is lower-confidence than FabI/GyrB.
X1V9,GyrB,0.2941176470588235,0.2697204487696026,0.8448275862068966,CHEMBL3944293,5.7,2000.0,CHEMBL1826,E. coli,253,0.2692307692307692,0,0,Cc1ccc(/C=N/Nc2nc3ccc(S(N)(=O)=O)cc3s2)cc1,compounds_normalized.sdf,346.43700000000007,2.698120000000001,97.44,2,6,4,23,0,0,0,0,0,0,0,0,0,0.3529411764705881,0.42160099726578354,1.0,0.0,0.43187083755173994,1.03,moderate,Acinetobacter baumannii,0.44482696267829214,1,5,PBP2a; FabI; GyrB; LpxA; MurC,GyrB is the ATPase subunit of DNA gyrase; target evidence is based on similarity to GyrB reference ligands and should be distinguished from whole-gyrase/topoisomerase-IV predictions.
X1V9,MurC,0.2151898734177215,0.1830115593648817,0.6338028169014085,CHEMBL271836,4.11,78000.0,CHEMBL4319,S. pneumoniae MurF,167,0.188235294117647,0,0,Cc1ccc(/C=N/Nc2nc3ccc(S(N)(=O)=O)cc3s2)cc1,compounds_normalized.sdf,346.43700000000007,2.698120000000001,97.44,2,6,4,23,0,0,0,0,0,0,0,0,0,0.20943613348676635,0.22891457636640378,0.7625754527162979,0.0,0.2763330287424288,1.05,low,Acinetobacter baumannii,0.2901496801795503,2,5,PBP2a; FabI; GyrB; LpxA; MurC,MurC and related Mur ligases are ATP-dependent peptidoglycan precursor enzymes; the reference set includes related Mur-ligase chemistry and is lower-confidence than FabI/GyrB.
BI-1,GyrB,0.375,0.317451558103732,0.6307692307692307,CHEMBL3341781,5.5,3132.0,CHEMBL1921666,S. aureus,253,0.3623188405797101,0,0,O=C(CSc1nc2cc(OC(F)F)ccc2[nH]1)Nc1ccccc1,compounds_normalized.sdf,349.3620000000001,3.895100000000002,67.00999999999999,2,4,6,24,0,0,0,0,0,0,0,0,0,0.5,0.5276701291194044,0.7582417582417583,0.0,0.4956537960161148,1.05,moderate,MRSA / Staphylococcus aureus,0.5204364858169206,1,5,PBP2a; DHFR; FabI; FtsZ; GyrB,GyrB is the ATPase subunit of DNA gyrase; target evidence is based on similarity to GyrB reference ligands and should be distinguished from whole-gyrase/topoisomerase-IV predictions.
BI-1,FtsZ,0.25,0.2118780096308186,0.6557377049180327,CHEMBL1651196,5.21,6210.0,CHEMBL4213,M. tuberculosis,67,0.2142857142857142,0,0,O=C(CSc1nc2cc(OC(F)F)ccc2[nH]1)Nc1ccccc1,compounds_normalized.sdf,349.3620000000001,3.895100000000002,67.00999999999999,2,4,6,24,0,0,0,0,0,0,0,0,0,0.2727272727272727,0.29306224362404126,0.7939110070257611,0.0,0.32871584832351086,1.03,low,MRSA / Staphylococcus aureus,0.3385773237732162,2,5,PBP2a; DHFR; FabI; FtsZ; GyrB,FtsZ is an essential cytokinetic GTPase; prioritization is credible only when similarity to known FtsZ ligands is accompanied by a compatible heteroaromatic pharmacophore.
BI-6,GyrB,0.3164556962025316,0.2783629095754346,0.6438356164383562,CHEMBL3341781,5.5,3132.0,CHEMBL1921666,S. aureus,253,0.3026315789473684,0,0,Cc1cccc(NC(=O)CSc2nc3cc(OC(F)F)ccc3[nH]2)c1,compounds_normalized.sdf,363.389,4.203520000000002,67.01,2,4,6,25,0,0,0,0,0,0,0,0,0,0.39355581127733014,0.44080646572318793,0.7769080234833661,0.0,0.42351572559196693,1.05,moderate,MRSA / Staphylococcus aureus,0.4446915118715653,1,5,PBP2a; DHFR; FabI; FtsZ; GyrB,GyrB is the ATPase subunit of DNA gyrase; target evidence is based on similarity to GyrB reference ligands and should be distinguished from whole-gyrase/topoisomerase-IV predictions.
BI-6,FtsZ,0.2298850574712643,0.2044409553150953,0.6451612903225806,CHEMBL1651202,5.11,7690.0,CHEMBL4213,M. tuberculosis,67,0.2209302325581395,0,0,Cc1cccc(NC(=O)CSc2nc3cc(OC(F)F)ccc3[nH]2)c1,compounds_normalized.sdf,363.389,4.203520000000002,67.01,2,4,6,25,0,0,0,0,0,0,0,0,0,0.23615464994775326,0.2765354562557673,0.7788018433179724,0.0,0.3040314655355143,1.03,low,MRSA / Staphylococcus aureus,0.31315240950157974,2,5,PBP2a; DHFR; FabI; FtsZ; GyrB,FtsZ is an essential cytokinetic GTPase; prioritization is credible only when similarity to known FtsZ ligands is accompanied by a compatible heteroaromatic pharmacophore.
OX-11,GyrB,0.2083333333333333,0.1963518325516762,0.7051282051282052,CHEMBL3736056,7.89,13.0,CHEMBL1921666,S. aureus,253,0.1979166666666666,0,0,Cc1cccc(C)c1NC(=O)CSc1nnc(Cn2c(=O)c3c(ncn3C)n(C)c2=O)o1,compounds_normalized.sdf,455.50000000000017,1.21264,129.84,1,8,6,32,0,0,0,0,0,0,0,0,0,0.19696969696969685,0.2585596278926138,0.8644688644688646,0.0,0.2927950851283315,1.05,low,MRSA / Staphylococcus aureus,0.30743483938474814,1,5,PBP2a; DHFR; FabI; FtsZ; GyrB,GyrB is the ATPase subunit of DNA gyrase; target evidence is based on similarity to GyrB reference ligands and should be distinguished from whole-gyrase/topoisomerase-IV predictions.
OX-11,FabI,0.1979166666666666,0.1897944071989754,0.7012987012987013,CHEMBL45433,6.03,940.0,CHEMBL3994,S. aureus,331,0.196078431372549,0,0,Cc1cccc(C)c1NC(=O)CSc1nnc(Cn2c(=O)c3c(ncn3C)n(C)c2=O)o1,compounds_normalized.sdf,455.50000000000017,1.21264,129.84,1,8,6,32,0,0,0,0,0,0,0,0,0,0.1780303030303029,0.24398757155327863,0.8589981447124305,0.0,0.27886176611033564,1.0,low,MRSA / Staphylococcus aureus,0.27886176611033564,2,5,PBP2a; DHFR; FabI; FtsZ; GyrB,FabI/FabL is the enoyl-ACP reductase of type-II fatty-acid synthesis; ranking is ligand-similarity based because the series lacks a canonical triclosan-like motif.
T2Z14,GyrB,0.2,0.1896636849039595,0.7023809523809523,CHEMBL3735238,7.03,94.0,CHEMBL1921666,S. aureus,253,0.1929824561403508,0,0,Cc1c(-c2nn(-c3ccccc3)cc2/C=N/NC(=O)Cn2c(=O)c3c(ncn3C)n(C)c2=O)nnn1-c1ccc(Br)cc1,compounds_normalized.sdf,642.4780000000003,2.0883199999999986,151.81,1,8,7,43,0,0,0,0,0,1,0,0,1,0.18181818181818182,0.2436970775643544,0.8605442176870748,0.02,0.30091499295324076,1.05,low,MRSA / Staphylococcus aureus,0.3159607426009028,1,5,PBP2a; DHFR; FabI; FtsZ; GyrB,GyrB is the ATPase subunit of DNA gyrase; target evidence is based on similarity to GyrB reference ligands and should be distinguished from whole-gyrase/topoisomerase-IV predictions.
T2Z14,FabI,0.1743119266055046,0.1688334333914077,0.7051282051282052,CHEMBL296932,6.52,300.0,CHEMBL3994,S. aureus,331,0.1711711711711711,0,0,Cc1c(-c2nn(-c3ccccc3)cc2/C=N/NC(=O)Cn2c(=O)c3c(ncn3C)n(C)c2=O)nnn1-c1ccc(Br)cc1,compounds_normalized.sdf,642.4780000000003,2.0883199999999986,151.81,1,8,7,43,0,0,0,0,0,1,0,0,1,0.13511259382819016,0.19740762975868376,0.8644688644688646,0.02,0.2665785340240957,1.0,low,MRSA / Staphylococcus aureus,0.2665785340240957,2,5,PBP2a; DHFR; FabI; FtsZ; GyrB,FabI/FabL is the enoyl-ACP reductase of type-II fatty-acid synthesis; ranking is ligand-similarity based because the series lacks a canonical triclosan-like motif.
T2Z5,GyrB,0.2277227722772277,0.2089745958424818,0.7361111111111112,CHEMBL3735238,7.03,94.0,CHEMBL1921666,S. aureus,253,0.2075471698113207,0,0,Cn1cnc2c1c(=O)n(CC(=O)N/N=C/c1c(-c3ccc(Br)cc3)nc3sccn13)c(=O)n2C,compounds_normalized.sdf,541.3910000000003,1.7226999999999988,120.58,1,7,5,34,0,0,0,0,0,1,0,0,1,0.23222322232223216,0.2866102129832928,0.9087301587301589,0.02,0.3440736882164631,1.05,low,MRSA / Staphylococcus aureus,0.36127737262728626,1,5,PBP2a; DHFR; FabI; FtsZ; GyrB,GyrB is the ATPase subunit of DNA gyrase; target evidence is based on similarity to GyrB reference ligands and should be distinguished from whole-gyrase/topoisomerase-IV predictions.
T2Z5,FabI,0.1764705882352941,0.1695140197976128,0.6578947368421053,CHEMBL296932,6.52,300.0,CHEMBL3994,S. aureus,331,0.174757281553398,0,0,Cn1cnc2c1c(=O)n(CC(=O)N/N=C/c1c(-c3ccc(Br)cc3)nc3sccn13)c(=O)n2C,compounds_normalized.sdf,541.3910000000003,1.7226999999999988,120.58,1,7,5,34,0,0,0,0,0,1,0,0,1,0.13903743315508016,0.1989200439946951,0.7969924812030077,0.02,0.258797599756665,1.0,low,MRSA / Staphylococcus aureus,0.258797599756665,2,5,PBP2a; DHFR; FabI; FtsZ; GyrB,FabI/FabL is the enoyl-ACP reductase of type-II fatty-acid synthesis; ranking is ligand-similarity based because the series lacks a canonical triclosan-like motif.
T2Z6,GyrB,0.2277227722772277,0.2067174983288157,0.7361111111111112,CHEMBL3735875,6.58,262.0,CHEMBL1921666,S. aureus,253,0.2058823529411764,0,0,Cn1cnc2c1c(=O)n(CC(=O)N/N=C/c1c(-c3ccc(Cl)cc3)nc3sccn13)c(=O)n2C,compounds_normalized.sdf,496.9400000000003,1.6135999999999988,120.58,1,7,5,34,0,0,0,0,0,1,0,0,1,0.23222322232223216,0.2815944407307015,0.9087301587301589,0.02,0.3428197451533153,1.05,low,MRSA / Staphylococcus aureus,0.3599607324109811,1,5,PBP2a; DHFR; FabI; FtsZ; GyrB,GyrB is the ATPase subunit of DNA gyrase; target evidence is based on similarity to GyrB reference ligands and should be distinguished from whole-gyrase/topoisomerase-IV predictions.
T2Z6,FabI,0.1764705882352941,0.1705429569870802,0.6438356164383562,CHEMBL296932,6.52,300.0,CHEMBL3994,S. aureus,331,0.174757281553398,0,0,Cn1cnc2c1c(=O)n(CC(=O)N/N=C/c1c(-c3ccc(Cl)cc3)nc3sccn13)c(=O)n2C,compounds_normalized.sdf,496.9400000000003,1.6135999999999988,120.58,1,7,5,34,0,0,0,0,0,1,0,0,1,0.13903743315508016,0.20120657108240042,0.7769080234833661,0.02,0.2563565628706451,1.0,low,MRSA / Staphylococcus aureus,0.2563565628706451,2,5,PBP2a; DHFR; FabI; FtsZ; GyrB,FabI/FabL is the enoyl-ACP reductase of type-II fatty-acid synthesis; ranking is ligand-similarity based because the series lacks a canonical triclosan-like motif.
T2Z9,GyrB,0.2,0.1858498023715415,0.7023809523809523,CHEMBL3735875,6.58,262.0,CHEMBL1921666,S. aureus,253,0.1909090909090909,0,0,Cc1c(-c2nn(-c3ccccc3)cc2/C=N/NC(=O)Cn2c(=O)c3c(ncn3C)n(C)c2=O)nnn1-c1ccc(Cl)cc1,compounds_normalized.sdf,598.0270000000002,1.9792199999999995,151.81,1,8,7,43,0,0,0,0,0,1,0,0,1,0.18181818181818182,0.23522178304787,0.8605442176870748,0.02,0.2987961693241197,1.05,low,MRSA / Staphylococcus aureus,0.3137359777903257,1,5,PBP2a; DHFR; FabI; FtsZ; GyrB,GyrB is the ATPase subunit of DNA gyrase; target evidence is based on similarity to GyrB reference ligands and should be distinguished from whole-gyrase/topoisomerase-IV predictions.
T2Z9,FabI,0.2,0.1881233671988389,0.7051282051282052,CHEMBL3623422,6.96,110.0,CHEMBL3994,S. aureus,331,0.19,0,0,Cc1c(-c2nn(-c3ccccc3)cc2/C=N/NC(=O)Cn2c(=O)c3c(ncn3C)n(C)c2=O)nnn1-c1ccc(Cl)cc1,compounds_normalized.sdf,598.0270000000002,1.9792199999999995,151.81,1,8,7,43,0,0,0,0,0,1,0,0,1,0.18181818181818182,0.2402741493307531,0.8644688644688646,0.02,0.30064795791210885,1.0,low,MRSA / Staphylococcus aureus,0.30064795791210885,2,5,PBP2a; DHFR; FabI; FtsZ; GyrB,FabI/FabL is the enoyl-ACP reductase of type-II fatty-acid synthesis; ranking is ligand-similarity based because the series lacks a canonical triclosan-like motif.
X1V11,GyrB,0.282051282051282,0.2773230979515523,0.7424242424242424,CHEMBL3962799,5.7,2000.0,CHEMBL1826,E. coli,253,0.282051282051282,0,0,COc1ccc(/C=N/Nc2nc3ccc(S(N)(=O)=O)cc3s2)cc1,compounds_normalized.sdf,362.4360000000001,2.3983,106.67,2,7,5,24,0,0,0,0,0,0,0,0,0,0.33100233100233084,0.43849577322567174,0.9177489177489179,0.0,0.41278744646992105,1.05,moderate,MRSA / Staphylococcus aureus,0.4334268187934171,1,5,PBP2a; DHFR; FabI; FtsZ; GyrB,GyrB is the ATPase subunit of DNA gyrase; target evidence is based on similarity to GyrB reference ligands and should be distinguished from whole-gyrase/topoisomerase-IV predictions.
X1V11,FabI,0.2463768115942029,0.2082019366845769,0.5733333333333334,CHEMBL2178293,6.07,860.0,CHEMBL1857,E. coli,331,0.2058823529411764,0,0,COc1ccc(/C=N/Nc2nc3ccc(S(N)(=O)=O)cc3s2)cc1,compounds_normalized.sdf,362.4360000000001,2.3983,106.67,2,7,5,24,0,0,0,0,0,0,0,0,0,0.26613965744400525,0.28489319263239316,0.6761904761904763,0.0,0.30572169830867235,1.0,low,MRSA / Staphylococcus aureus,0.30572169830867235,2,5,PBP2a; DHFR; FabI; FtsZ; GyrB,FabI/FabL is the enoyl-ACP reductase of type-II fatty-acid synthesis; ranking is ligand-similarity based because the series lacks a canonical triclosan-like motif.
X1V19,GyrB,0.2816901408450704,0.2525559768869628,0.8135593220338984,CHEMBL3944293,5.7,2000.0,CHEMBL1826,E. coli,253,0.25,0,0,N#Cc1ccc(/C=N/Nc2nc3ccc(S(N)(=O)=O)cc3s2)cc1,compounds_normalized.sdf,357.4200000000001,2.26138,121.23,2,7,4,24,0,0,0,0,0,0,0,0,0,0.33034571062740065,0.3834577264154728,1.0,0.0,0.4110372869175686,1.05,moderate,MRSA / Staphylococcus aureus,0.43158915126344705,1,5,PBP2a; DHFR; FabI; FtsZ; GyrB,GyrB is the ATPase subunit of DNA gyrase; target evidence is based on similarity to GyrB reference ligands and should be distinguished from whole-gyrase/topoisomerase-IV predictions.
X1V19,DHFR,0.2142857142857142,0.1717385487289728,0.5238095238095238,CHEMBL120783,6.5,320.0,CHEMBL2329,C. albicans,232,0.188235294117647,0,0,N#Cc1ccc(/C=N/Nc2nc3ccc(S(N)(=O)=O)cc3s2)cc1,compounds_normalized.sdf,357.4200000000001,2.26138,121.23,2,7,4,24,0,0,0,0,0,0,0,0,0,0.20779220779220758,0.20386344161993952,0.6054421768707484,0.0,0.24567829083170095,1.0,low,MRSA / Staphylococcus aureus,0.24567829083170095,2,5,PBP2a; DHFR; FabI; FtsZ; GyrB,FolA/DHFR is an essential folate-cycle enzyme; evidence is strongest when diaminopyrimidine-like or folate-mimetic chemistry is present and the nearest active reference ligands are similar.
X1V20,GyrB,0.2816901408450704,0.2525559768869628,0.8305084745762712,CHEMBL3944293,5.7,2000.0,CHEMBL1826,E. coli,253,0.25,0,0,NS(=O)(=O)c1ccc2nc(N/N=C/c3cccnc3)sc2c1,compounds_normalized.sdf,333.398,1.7846999999999995,110.33,2,7,4,22,0,0,0,0,0,0,0,0,0,0.33034571062740065,0.3834577264154728,1.0,0.0,0.4110372869175686,1.05,moderate,MRSA / Staphylococcus aureus,0.43158915126344705,1,5,PBP2a; DHFR; FabI; FtsZ; GyrB,GyrB is the ATPase subunit of DNA gyrase; target evidence is based on similarity to GyrB reference ligands and should be distinguished from whole-gyrase/topoisomerase-IV predictions.
X1V20,FabI,0.2179487179487179,0.2009586574474215,0.4939759036144578,CHEMBL3623407,5.69,2040.0,CHEMBL3994,S. aureus,331,0.2125,0,0,NS(=O)(=O)c1ccc2nc(N/N=C/c3cccnc3)sc2c1,compounds_normalized.sdf,333.398,1.7846999999999995,110.33,2,7,4,22,0,0,0,0,0,0,0,0,0,0.21445221445221432,0.2687970165498256,0.5628227194492255,0.0,0.25884876928094736,1.0,low,MRSA / Staphylococcus aureus,0.25884876928094736,2,5,PBP2a; DHFR; FabI; FtsZ; GyrB,FabI/FabL is the enoyl-ACP reductase of type-II fatty-acid synthesis; ranking is ligand-similarity based because the series lacks a canonical triclosan-like motif.
X1V26,GyrB,0.3,0.2822763249079038,0.6901408450704225,CHEMBL3944293,5.7,2000.0,CHEMBL1826,E. coli,253,0.2837837837837837,0,0,NS(=O)(=O)c1ccc2nc(N/N=C/c3cc(Cl)ccc3O)sc2c1,compounds_normalized.sdf,382.854,2.748700000000001,117.67,3,7,4,24,0,0,0,0,0,0,0,0,1,0.3636363636363636,0.4495029442397861,0.8430583501006037,0.0,0.42065267039321885,1.05,moderate,MRSA / Staphylococcus aureus,0.4416853039128798,1,5,PBP2a; DHFR; FabI; FtsZ; GyrB,GyrB is the ATPase subunit of DNA gyrase; target evidence is based on similarity to GyrB reference ligands and should be distinguished from whole-gyrase/topoisomerase-IV predictions.
X1V26,FabI,0.2285714285714285,0.2005007221954742,0.618421052631579,CHEMBL2178293,6.07,860.0,CHEMBL1857,E. coli,331,0.208955223880597,0,0,NS(=O)(=O)c1ccc2nc(N/N=C/c3cc(Cl)ccc3O)sc2c1,compounds_normalized.sdf,382.854,2.748700000000001,117.67,3,7,4,24,0,0,0,0,0,0,0,0,1,0.23376623376623362,0.26777938265660933,0.7406015037593986,0.0,0.2949181881111789,1.0,low,MRSA / Staphylococcus aureus,0.2949181881111789,2,5,PBP2a; DHFR; FabI; FtsZ; GyrB,FabI/FabL is the enoyl-ACP reductase of type-II fatty-acid synthesis; ranking is ligand-similarity based because the series lacks a canonical triclosan-like motif.
X1V9,GyrB,0.2941176470588235,0.2697204487696026,0.8448275862068966,CHEMBL3944293,5.7,2000.0,CHEMBL1826,E. coli,253,0.2692307692307692,0,0,Cc1ccc(/C=N/Nc2nc3ccc(S(N)(=O)=O)cc3s2)cc1,compounds_normalized.sdf,346.43700000000007,2.698120000000001,97.44,2,6,4,23,0,0,0,0,0,0,0,0,0,0.3529411764705881,0.42160099726578354,1.0,0.0,0.43187083755173994,1.05,moderate,MRSA / Staphylococcus aureus,0.45346437942932694,1,5,PBP2a; DHFR; FabI; FtsZ; GyrB,GyrB is the ATPase subunit of DNA gyrase; target evidence is based on similarity to GyrB reference ligands and should be distinguished from whole-gyrase/topoisomerase-IV predictions.
X1V9,DHFR,0.216867469879518,0.1981817312704435,0.5421686746987951,CHEMBL367220,6.27,538.0,CHEMBL2329,C. albicans,232,0.2151898734177215,0,0,Cc1ccc(/C=N/Nc2nc3ccc(S(N)(=O)=O)cc3s2)cc1,compounds_normalized.sdf,346.43700000000007,2.698120000000001,97.44,2,6,4,23,0,0,0,0,0,0,0,0,0,0.21248630887185088,0.26262606948987444,0.6316695352839932,0.0,0.26665010210099305,1.0,low,MRSA / Staphylococcus aureus,0.26665010210099305,2,5,PBP2a; DHFR; FabI; FtsZ; GyrB,FolA/DHFR is an essential folate-cycle enzyme; evidence is strongest when diaminopyrimidine-like or folate-mimetic chemistry is present and the nearest active reference ligands are similar.
