compound,target_class,ecfp4_max_tanimoto,ecfp4_top5_mean,maccs_max_tanimoto,best_ref_molecule,best_ref_pchembl,best_ref_ic50_nm,best_ref_target,best_ref_organism,n_references,ecfp4_2nd_tanimoto,n_refs_above_0.4,n_refs_above_0.5,canonical_smiles,source_file,mw,logp,tpsa,hbd,hba,rotbonds,heavy_atoms,sulfonamide,beta_lactam,hydroxamate,diaminopyrimidine,xanthine,hydrazone,benzimidazole,benzothiazole,aryl_halide,similarity_component,top5_component,maccs_component,sar_bonus,evidence_score,organism_prior,evidence_tier
BI-1,DHFR,0.1818181818181818,0.1756493506493506,0.5967741935483871,CHEMBL177230,5.96,1090.0,CHEMBL2329,C. albicans,232,0.175,0,0,O=C(CSc1nc2cc(OC(F)F)ccc2[nH]1)Nc1ccccc1,compounds_normalized.sdf,349.3620000000001,3.895100000000002,67.00999999999999,2,4,6,24,0,0,0,0,0,0,0,0,0,0.14876033057851235,0.21255411255411247,0.7096774193548389,0.0,0.23397030633101012,1.0,low
BI-6,DHFR,0.175,0.1721056910569106,0.5873015873015873,CHEMBL31055,6.57,269.15,CHEMBL2627,E. coli,232,0.1733333333333333,0,0,Cc1cccc(NC(=O)CSc2nc3cc(OC(F)F)ccc3[nH]2)c1,compounds_normalized.sdf,363.389,4.203520000000002,67.01,2,4,6,25,0,0,0,0,0,0,0,0,0,0.13636363636363633,0.2046793134598013,0.6961451247165534,0.0,0.2237734152542515,1.0,low
OX-11,DHFR,0.1348314606741573,0.1297898071562032,0.65,CHEMBL31055,6.57,269.15,CHEMBL2627,E. coli,232,0.1290322580645161,0,0,Cc1cccc(C)c1NC(=O)CSc1nnc(Cn2c(=O)c3c(ncn3C)n(C)c2=O)o1,compounds_normalized.sdf,455.50000000000017,1.21264,129.84,1,8,6,32,0,0,0,0,0,0,0,0,0,0.0633299284984678,0.11064401590267377,0.7857142857142858,0.0,0.1771831110820452,1.0,low
T2Z14,DHFR,0.1214953271028037,0.1204343311210438,0.5952380952380952,CHEMBL3234324,7.43,37.0,CHEMBL2329,C. albicans,232,0.1203703703703703,0,0,Cc1c(-c2nn(-c3ccccc3)cc2/C=N/NC(=O)Cn2c(=O)c3c(ncn3C)n(C)c2=O)nnn1-c1ccc(Br)cc1,compounds_normalized.sdf,642.4780000000003,2.0883199999999986,151.81,1,8,7,43,0,0,0,0,0,1,0,0,1,0.03908241291418853,0.08985406915787512,0.707482993197279,0.0,0.1481271727261549,1.0,low
T2Z5,DHFR,0.1195652173913043,0.1175211105668033,0.5647058823529412,CHEMBL170900,8.89,1.3,CHEMBL2329,C. albicans,232,0.1182795698924731,0,0,Cn1cnc2c1c(=O)n(CC(=O)N/N=C/c1c(-c3ccc(Br)cc3)nc3sccn13)c(=O)n2C,compounds_normalized.sdf,541.3910000000003,1.7226999999999988,120.58,1,7,5,34,0,0,0,0,0,1,0,0,1,0.03557312252964416,0.08338024570400732,0.6638655462184875,0.0,0.13821145462359702,1.0,low
T2Z6,DHFR,0.1333333333333333,0.1217850312380466,0.5647058823529412,CHEMBL174753,5.55,2810.0,CHEMBL2329,C. albicans,232,0.1195652173913043,0,0,Cn1cnc2c1c(=O)n(CC(=O)N/N=C/c1c(-c3ccc(Cl)cc3)nc3sccn13)c(=O)n2C,compounds_normalized.sdf,496.9400000000003,1.6135999999999988,120.58,1,7,5,34,0,0,0,0,0,1,0,0,1,0.06060606060606054,0.09285562497343688,0.6638655462184875,0.0,0.1530967684791626,1.0,low
T2Z9,DHFR,0.1224489795918367,0.1210110835611503,0.5952380952380952,CHEMBL174753,5.55,2810.0,CHEMBL2329,C. albicans,232,0.1214953271028037,0,0,Cc1c(-c2nn(-c3ccccc3)cc2/C=N/NC(=O)Cn2c(=O)c3c(ncn3C)n(C)c2=O)nnn1-c1ccc(Cl)cc1,compounds_normalized.sdf,598.0270000000002,1.9792199999999995,151.81,1,8,7,43,0,0,0,0,0,1,0,0,1,0.04081632653061218,0.09113574124700066,0.707482993197279,0.0,0.1493145475566481,1.0,low
X1V11,DHFR,0.2238805970149253,0.212116614728555,0.6190476190476191,CHEMBL369237,5.5,3180.0,CHEMBL2329,C. albicans,232,0.2142857142857142,0,0,COc1ccc(/C=N/Nc2nc3ccc(S(N)(=O)=O)cc3s2)cc1,compounds_normalized.sdf,362.4360000000001,2.3983,106.67,2,7,5,24,0,0,0,0,0,0,0,0,0,0.22523744911804597,0.2935924771745667,0.7414965986394559,0.0,0.297241333648583,1.0,low
X1V19,DHFR,0.2142857142857142,0.1717385487289728,0.5238095238095238,CHEMBL120783,6.5,320.0,CHEMBL2329,C. albicans,232,0.188235294117647,0,0,N#Cc1ccc(/C=N/Nc2nc3ccc(S(N)(=O)=O)cc3s2)cc1,compounds_normalized.sdf,357.4200000000001,2.26138,121.23,2,7,4,24,0,0,0,0,0,0,0,0,0,0.20779220779220758,0.20386344161993952,0.6054421768707484,0.0,0.24567829083170095,1.0,low
X1V20,DHFR,0.1830985915492957,0.1636883929841676,0.5542168674698795,CHEMBL57459,7.05,90.0,CHEMBL2627,E. coli,232,0.1690140845070422,0,0,NS(=O)(=O)c1ccc2nc(N/N=C/c3cccnc3)sc2c1,compounds_normalized.sdf,333.398,1.7846999999999995,110.33,2,7,4,22,0,0,0,0,0,0,0,0,0,0.1510883482714467,0.18597420663148354,0.6488812392426851,0.0,0.219369911679997,1.0,low
X1V26,DHFR,0.2028985507246377,0.1677426880121307,0.5888888888888889,CHEMBL174753,5.55,2810.0,CHEMBL2329,C. albicans,232,0.1830985915492957,0,0,NS(=O)(=O)c1ccc2nc(N/N=C/c3cc(Cl)ccc3O)sc2c1,compounds_normalized.sdf,382.854,2.748700000000001,117.67,3,7,4,24,0,0,0,0,0,0,0,0,1,0.18708827404479578,0.19498375113806818,0.6984126984126985,0.0,0.2470519795688197,1.0,low
X1V9,DHFR,0.216867469879518,0.1981817312704435,0.5421686746987951,CHEMBL367220,6.27,538.0,CHEMBL2329,C. albicans,232,0.2151898734177215,0,0,Cc1ccc(/C=N/Nc2nc3ccc(S(N)(=O)=O)cc3s2)cc1,compounds_normalized.sdf,346.43700000000007,2.698120000000001,97.44,2,6,4,23,0,0,0,0,0,0,0,0,0,0.21248630887185088,0.26262606948987444,0.6316695352839932,0.0,0.26665010210099305,1.0,low
BI-1,DHPS,0.2631578947368421,0.1986842105263158,0.696969696969697,CHEMBL3233211,5.8,1600.0,CHEMBL2364668,Bacteria,22,0.2,0,0,O=C(CSc1nc2cc(OC(F)F)ccc2[nH]1)Nc1ccccc1,compounds_normalized.sdf,349.3620000000001,3.895100000000002,67.00999999999999,2,4,6,24,0,0,0,0,0,0,0,0,0,0.2966507177033492,0.26374269005847956,0.8528138528138529,0.0,0.3421831092883724,1.0,low
BI-6,DHPS,0.2469135802469135,0.1940585179411455,0.7121212121212122,CHEMBL3233211,5.8,1600.0,CHEMBL2364668,Bacteria,22,0.1860465116279069,0,0,Cc1cccc(NC(=O)CSc2nc3cc(OC(F)F)ccc3[nH]2)c1,compounds_normalized.sdf,363.389,4.203520000000002,67.01,2,4,6,25,0,0,0,0,0,0,0,0,0,0.2671156004489336,0.2534633732025456,0.8744588744588746,0.0,0.32809247469393443,1.0,low
OX-11,DHPS,0.1489361702127659,0.1280500808838722,0.6666666666666666,CHEMBL3233211,5.8,1600.0,CHEMBL2364668,Bacteria,22,0.1326530612244898,0,0,Cc1cccc(C)c1NC(=O)CSc1nnc(Cn2c(=O)c3c(ncn3C)n(C)c2=O)o1,compounds_normalized.sdf,455.50000000000017,1.21264,129.84,1,8,6,32,0,0,0,0,0,0,0,0,0,0.0889748549323016,0.10677795751971601,0.8095238095238095,0.0,0.19261048827465121,1.0,low
T2Z14,DHPS,0.128440366972477,0.1243542152645208,0.5529411764705883,CHEMBL161774,5.52,3000.0,CHEMBL4032,E. coli,22,0.1262135922330097,0,0,Cc1c(-c2nn(-c3ccccc3)cc2/C=N/NC(=O)Cn2c(=O)c3c(ncn3C)n(C)c2=O)nnn1-c1ccc(Br)cc1,compounds_normalized.sdf,642.4780000000003,2.0883199999999986,151.81,1,8,7,43,0,0,0,0,0,1,0,0,1,0.05170975813177633,0.09856492281004621,0.6470588235294119,0.0,0.1475549332978115,1.0,low
T2Z5,DHPS,0.1346153846153846,0.1297474714812895,0.5783132530120482,CHEMBL159046,5.54,2900.0,CHEMBL4032,E. coli,22,0.134020618556701,0,0,Cn1cnc2c1c(=O)n(CC(=O)N/N=C/c1c(-c3ccc(Br)cc3)nc3sccn13)c(=O)n2C,compounds_normalized.sdf,541.3910000000003,1.7226999999999988,120.58,1,7,5,34,0,0,0,0,0,1,0,0,1,0.06293706293706292,0.1105499366250878,0.6833046471600689,0.0,0.16160171269881374,1.0,low
T2Z6,DHPS,0.1808510638297872,0.1442535888602492,0.5783132530120482,CHEMBL422884,6.0,1000.0,CHEMBL4032,E. coli,22,0.1443298969072164,0,0,Cn1cnc2c1c(=O)n(CC(=O)N/N=C/c1c(-c3ccc(Cl)cc3)nc3sccn13)c(=O)n2C,compounds_normalized.sdf,496.9400000000003,1.6135999999999988,120.58,1,7,5,34,0,0,0,0,0,1,0,0,1,0.14700193423597668,0.142785753022776,0.6833046471600689,0.0,0.21169310244769268,1.0,low
T2Z9,DHPS,0.1553398058252427,0.1319987530061458,0.5568181818181818,CHEMBL422884,6.0,1000.0,CHEMBL4032,E. coli,22,0.128440366972477,0,0,Cc1c(-c2nn(-c3ccccc3)cc2/C=N/NC(=O)Cn2c(=O)c3c(ncn3C)n(C)c2=O)nnn1-c1ccc(Cl)cc1,compounds_normalized.sdf,598.0270000000002,1.9792199999999995,151.81,1,8,7,43,0,0,0,0,0,1,0,0,1,0.10061782877316854,0.11555278445810177,0.6525974025974026,0.0,0.17708672089072008,1.0,low
X1V11,DHPS,0.2307692307692307,0.2065505508589963,0.734375,CHEMBL158792,5.6,2500.0,CHEMBL4032,E. coli,22,0.2105263157894736,0,0,COc1ccc(/C=N/Nc2nc3ccc(S(N)(=O)=O)cc3s2)cc1,compounds_normalized.sdf,362.4360000000001,2.3983,106.67,2,7,5,24,0,0,0,0,0,0,0,0,0,0.2377622377622376,0.28122344635332513,0.9062500000000001,0.0,0.3251244804694501,1.0,low
X1V19,DHPS,0.1969696969696969,0.166558371436767,0.8392857142857143,CHEMBL437,5.6,2500.0,CHEMBL4032,E. coli,22,0.1851851851851851,0,0,N#Cc1ccc(/C=N/Nc2nc3ccc(S(N)(=O)=O)cc3s2)cc1,compounds_normalized.sdf,357.4200000000001,2.26138,121.23,2,7,4,24,0,0,0,0,0,0,0,0,0,0.17630853994490345,0.19235193652614888,1.0,0.0,0.28624225410398896,1.0,low
X1V20,DHPS,0.2153846153846154,0.1715919514090245,0.8245614035087719,CHEMBL437,5.6,2500.0,CHEMBL4032,E. coli,22,0.1707317073170731,0,0,NS(=O)(=O)c1ccc2nc(N/N=C/c3cccnc3)sc2c1,compounds_normalized.sdf,333.398,1.7846999999999995,110.33,2,7,4,22,0,0,0,0,0,0,0,0,0,0.2097902097902098,0.20353766979783222,1.0,0.0,0.30577952234456296,1.0,low
X1V26,DHPS,0.2105263157894736,0.1968238778765094,0.7058823529411765,CHEMBL422884,6.0,1000.0,CHEMBL4032,E. coli,22,0.2,0,0,NS(=O)(=O)c1ccc2nc(N/N=C/c3cc(Cl)ccc3O)sc2c1,compounds_normalized.sdf,382.854,2.748700000000001,117.67,3,7,4,24,0,0,0,0,0,0,0,0,1,0.20095693779904286,0.25960861750335423,0.8655462184873951,0.0,0.29521255604846924,1.0,low
X1V9,DHPS,0.2317073170731707,0.1854486627106611,0.8392857142857143,CHEMBL158543,6.22,600.0,CHEMBL4032,E. coli,22,0.2063492063492063,0,0,Cc1ccc(/C=N/Nc2nc3ccc(S(N)(=O)=O)cc3s2)cc1,compounds_normalized.sdf,346.43700000000007,2.698120000000001,97.44,2,6,4,23,0,0,0,0,0,0,0,0,0,0.23946784922394668,0.2343303615792469,1.0,0.0,0.32831651500678505,1.0,low
BI-1,FabH,0.1948051948051948,0.1334206832838844,0.5,CHEMBL370931,5.62,2400.0,CHEMBL3822,H. influenzae,6,0.1666666666666666,0,0,O=C(CSc1nc2cc(OC(F)F)ccc2[nH]1)Nc1ccccc1,compounds_normalized.sdf,349.3620000000001,3.895100000000002,67.00999999999999,2,4,6,24,0,0,0,0,0,0,0,0,0,0.1723730814639905,0.11871262951974311,0.5714285714285715,0.0,0.20157898382621675,1.0,low
BI-6,FabH,0.1839080459770115,0.1355959140338035,0.5147058823529411,CHEMBL5555396,5.7,2000.0,CHEMBL4914,E. coli,6,0.1686746987951807,0,0,Cc1cccc(NC(=O)CSc2nc3cc(OC(F)F)ccc3[nH]2)c1,compounds_normalized.sdf,363.389,4.203520000000002,67.01,2,4,6,25,0,0,0,0,0,0,0,0,0,0.15256008359456633,0.12354647563067443,0.592436974789916,0.0,0.19603220692343917,1.0,low
OX-11,FabH,0.1182795698924731,0.0967046334662897,0.5,CHEMBL370931,5.62,2400.0,CHEMBL3822,H. influenzae,6,0.1145833333333333,0,0,Cc1cccc(C)c1NC(=O)CSc1nnc(Cn2c(=O)c3c(ncn3C)n(C)c2=O)o1,compounds_normalized.sdf,455.50000000000017,1.21264,129.84,1,8,6,32,0,0,0,0,0,0,0,0,0,0.03323558162267835,0.037121407702866,0.5714285714285715,0.0,0.1116124284513414,1.0,low
T2Z14,FabH,0.1296296296296296,0.0948368859747331,0.4878048780487805,CHEMBL4100896,5.7,2000.0,CHEMBL4914,E. coli,6,0.1018518518518518,0,0,Cc1c(-c2nn(-c3ccccc3)cc2/C=N/NC(=O)Cn2c(=O)c3c(ncn3C)n(C)c2=O)nnn1-c1ccc(Br)cc1,compounds_normalized.sdf,642.4780000000003,2.0883199999999986,151.81,1,8,7,43,0,0,0,0,0,1,0,0,1,0.05387205387205379,0.032970857721629096,0.554006968641115,0.0,0.11827978666260142,1.0,low
T2Z5,FabH,0.14,0.0909758530842952,0.4756097560975609,CHEMBL4100896,5.7,2000.0,CHEMBL4914,E. coli,6,0.088235294117647,0,0,Cn1cnc2c1c(=O)n(CC(=O)N/N=C/c1c(-c3ccc(Br)cc3)nc3sccn13)c(=O)n2C,compounds_normalized.sdf,541.3910000000003,1.7226999999999988,120.58,1,7,5,34,0,0,0,0,0,1,0,0,1,0.07272727272727274,0.024390784631767116,0.5365853658536585,0.0,0.12294913739962691,1.0,low
T2Z6,FabH,0.14,0.0909758530842952,0.4756097560975609,CHEMBL4100896,5.7,2000.0,CHEMBL4914,E. coli,6,0.088235294117647,0,0,Cn1cnc2c1c(=O)n(CC(=O)N/N=C/c1c(-c3ccc(Cl)cc3)nc3sccn13)c(=O)n2C,compounds_normalized.sdf,496.9400000000003,1.6135999999999988,120.58,1,7,5,34,0,0,0,0,0,1,0,0,1,0.07272727272727274,0.024390784631767116,0.5365853658536585,0.0,0.12294913739962691,1.0,low
T2Z9,FabH,0.1296296296296296,0.0948368859747331,0.4878048780487805,CHEMBL4100896,5.7,2000.0,CHEMBL4914,E. coli,6,0.1018518518518518,0,0,Cc1c(-c2nn(-c3ccccc3)cc2/C=N/NC(=O)Cn2c(=O)c3c(ncn3C)n(C)c2=O)nnn1-c1ccc(Cl)cc1,compounds_normalized.sdf,598.0270000000002,1.9792199999999995,151.81,1,8,7,43,0,0,0,0,0,1,0,0,1,0.05387205387205379,0.032970857721629096,0.554006968641115,0.0,0.11827978666260142,1.0,low
X1V11,FabH,0.2025316455696202,0.1467273228466112,0.3902439024390244,CHEMBL4100896,5.7,2000.0,CHEMBL4914,E. coli,6,0.1641791044776119,0,0,COc1ccc(/C=N/Nc2nc3ccc(S(N)(=O)=O)cc3s2)cc1,compounds_normalized.sdf,362.4360000000001,2.3983,106.67,2,7,5,24,0,0,0,0,0,0,0,0,0,0.18642117376294579,0.14828293965913597,0.4146341463414635,0.0,0.1924764437474764,1.0,low
X1V19,FabH,0.1641791044776119,0.1223001767750168,0.3086419753086419,CHEMBL458164,7.7,20.0,CHEMBL4914,E. coli,6,0.144578313253012,0,0,N#Cc1ccc(/C=N/Nc2nc3ccc(S(N)(=O)=O)cc3s2)cc1,compounds_normalized.sdf,357.4200000000001,2.26138,121.23,2,7,4,24,0,0,0,0,0,0,0,0,0,0.11668928086838523,0.09400039283337065,0.2980599647266313,0.0,0.12655373335152997,1.0,low
X1V20,FabH,0.1641791044776119,0.1217081935028347,0.3209876543209876,CHEMBL458164,7.7,20.0,CHEMBL4914,E. coli,6,0.144578313253012,0,0,NS(=O)(=O)c1ccc2nc(N/N=C/c3cccnc3)sc2c1,compounds_normalized.sdf,333.398,1.7846999999999995,110.33,2,7,4,22,0,0,0,0,0,0,0,0,0,0.11668928086838523,0.09268487445074376,0.3156966490299823,0.0,0.1288703564013759,1.0,low
X1V26,FabH,0.2,0.1307252639557456,0.3522727272727273,CHEMBL458164,7.7,20.0,CHEMBL4914,E. coli,6,0.1309523809523809,0,0,NS(=O)(=O)c1ccc2nc(N/N=C/c3cc(Cl)ccc3O)sc2c1,compounds_normalized.sdf,382.854,2.748700000000001,117.67,3,7,4,24,0,0,0,0,0,0,0,0,1,0.18181818181818182,0.11272280879054578,0.3603896103896105,0.0,0.17314823466516893,1.0,low
X1V9,FabH,0.171875,0.130241916077947,0.325,CHEMBL458164,7.7,20.0,CHEMBL4914,E. coli,6,0.1645569620253164,0,0,Cc1ccc(/C=N/Nc2nc3ccc(S(N)(=O)=O)cc3s2)cc1,compounds_normalized.sdf,346.43700000000007,2.698120000000001,97.44,2,6,4,23,0,0,0,0,0,0,0,0,0,0.13068181818181815,0.11164870239543775,0.32142857142857145,0.0,0.14146737040405422,1.0,low
BI-1,FabI,0.2073170731707317,0.1938908208186292,0.5633802816901409,CHEMBL259268,5.75,1800.0,CHEMBL1075044,B. subtilis,331,0.2023809523809523,0,0,O=C(CSc1nc2cc(OC(F)F)ccc2[nH]1)Nc1ccccc1,compounds_normalized.sdf,349.3620000000001,3.895100000000002,67.00999999999999,2,4,6,24,0,0,0,0,0,0,0,0,0,0.19512195121951215,0.2530907129302871,0.6619718309859156,0.0,0.2601294284902152,1.0,low
BI-6,FabI,0.1954022988505747,0.1821013863020578,0.5735294117647058,CHEMBL259268,5.75,1800.0,CHEMBL1075044,B. subtilis,331,0.1836734693877551,0,0,Cc1cccc(NC(=O)CSc2nc3cc(OC(F)F)ccc3[nH]2)c1,compounds_normalized.sdf,363.389,4.203520000000002,67.01,2,4,6,25,0,0,0,0,0,0,0,0,0,0.17345872518286307,0.22689196956012844,0.6764705882352942,0.0,0.24492294321675775,1.0,low
OX-11,FabI,0.1979166666666666,0.1897944071989754,0.7012987012987013,CHEMBL45433,6.03,940.0,CHEMBL3994,S. aureus,331,0.196078431372549,0,0,Cc1cccc(C)c1NC(=O)CSc1nnc(Cn2c(=O)c3c(ncn3C)n(C)c2=O)o1,compounds_normalized.sdf,455.50000000000017,1.21264,129.84,1,8,6,32,0,0,0,0,0,0,0,0,0,0.1780303030303029,0.24398757155327863,0.8589981447124305,0.0,0.27886176611033564,1.0,low
T2Z14,FabI,0.1743119266055046,0.1688334333914077,0.7051282051282052,CHEMBL296932,6.52,300.0,CHEMBL3994,S. aureus,331,0.1711711711711711,0,0,Cc1c(-c2nn(-c3ccccc3)cc2/C=N/NC(=O)Cn2c(=O)c3c(ncn3C)n(C)c2=O)nnn1-c1ccc(Br)cc1,compounds_normalized.sdf,642.4780000000003,2.0883199999999986,151.81,1,8,7,43,0,0,0,0,0,1,0,0,1,0.13511259382819016,0.19740762975868376,0.8644688644688646,0.02,0.2665785340240957,1.0,low
T2Z5,FabI,0.1764705882352941,0.1695140197976128,0.6578947368421053,CHEMBL296932,6.52,300.0,CHEMBL3994,S. aureus,331,0.174757281553398,0,0,Cn1cnc2c1c(=O)n(CC(=O)N/N=C/c1c(-c3ccc(Br)cc3)nc3sccn13)c(=O)n2C,compounds_normalized.sdf,541.3910000000003,1.7226999999999988,120.58,1,7,5,34,0,0,0,0,0,1,0,0,1,0.13903743315508016,0.1989200439946951,0.7969924812030077,0.02,0.258797599756665,1.0,low
T2Z6,FabI,0.1764705882352941,0.1705429569870802,0.6438356164383562,CHEMBL296932,6.52,300.0,CHEMBL3994,S. aureus,331,0.174757281553398,0,0,Cn1cnc2c1c(=O)n(CC(=O)N/N=C/c1c(-c3ccc(Cl)cc3)nc3sccn13)c(=O)n2C,compounds_normalized.sdf,496.9400000000003,1.6135999999999988,120.58,1,7,5,34,0,0,0,0,0,1,0,0,1,0.13903743315508016,0.20120657108240042,0.7769080234833661,0.02,0.2563565628706451,1.0,low
T2Z9,FabI,0.2,0.1881233671988389,0.7051282051282052,CHEMBL3623422,6.96,110.0,CHEMBL3994,S. aureus,331,0.19,0,0,Cc1c(-c2nn(-c3ccccc3)cc2/C=N/NC(=O)Cn2c(=O)c3c(ncn3C)n(C)c2=O)nnn1-c1ccc(Cl)cc1,compounds_normalized.sdf,598.0270000000002,1.9792199999999995,151.81,1,8,7,43,0,0,0,0,0,1,0,0,1,0.18181818181818182,0.2402741493307531,0.8644688644688646,0.02,0.30064795791210885,1.0,low
X1V11,FabI,0.2463768115942029,0.2082019366845769,0.5733333333333334,CHEMBL2178293,6.07,860.0,CHEMBL1857,E. coli,331,0.2058823529411764,0,0,COc1ccc(/C=N/Nc2nc3ccc(S(N)(=O)=O)cc3s2)cc1,compounds_normalized.sdf,362.4360000000001,2.3983,106.67,2,7,5,24,0,0,0,0,0,0,0,0,0,0.26613965744400525,0.28489319263239316,0.6761904761904763,0.0,0.30572169830867235,1.0,low
X1V19,FabI,0.2112676056338028,0.1732805166676757,0.4666666666666667,CHEMBL2178293,6.07,860.0,CHEMBL1857,E. coli,331,0.1780821917808219,0,0,N#Cc1ccc(/C=N/Nc2nc3ccc(S(N)(=O)=O)cc3s2)cc1,compounds_normalized.sdf,357.4200000000001,2.26138,121.23,2,7,4,24,0,0,0,0,0,0,0,0,0,0.20230473751600508,0.20729003703927928,0.5238095238095238,0.0,0.23154630658925093,1.0,low
X1V20,FabI,0.2179487179487179,0.2009586574474215,0.4939759036144578,CHEMBL3623407,5.69,2040.0,CHEMBL3994,S. aureus,331,0.2125,0,0,NS(=O)(=O)c1ccc2nc(N/N=C/c3cccnc3)sc2c1,compounds_normalized.sdf,333.398,1.7846999999999995,110.33,2,7,4,22,0,0,0,0,0,0,0,0,0,0.21445221445221432,0.2687970165498256,0.5628227194492255,0.0,0.25884876928094736,1.0,low
X1V26,FabI,0.2285714285714285,0.2005007221954742,0.618421052631579,CHEMBL2178293,6.07,860.0,CHEMBL1857,E. coli,331,0.208955223880597,0,0,NS(=O)(=O)c1ccc2nc(N/N=C/c3cc(Cl)ccc3O)sc2c1,compounds_normalized.sdf,382.854,2.748700000000001,117.67,3,7,4,24,0,0,0,0,0,0,0,0,1,0.23376623376623362,0.26777938265660933,0.7406015037593986,0.0,0.2949181881111789,1.0,low
X1V9,FabI,0.2388059701492537,0.1820989105481661,0.4864864864864865,CHEMBL2178293,6.07,860.0,CHEMBL1857,E. coli,331,0.1710526315789473,0,0,Cc1ccc(/C=N/Nc2nc3ccc(S(N)(=O)=O)cc3s2)cc1,compounds_normalized.sdf,346.43700000000007,2.698120000000001,97.44,2,6,4,23,0,0,0,0,0,0,0,0,0,0.25237449118046124,0.22688646788481354,0.5521235521235522,0.0,0.26572739537996687,1.0,low
BI-1,FtsZ,0.25,0.2118780096308186,0.6557377049180327,CHEMBL1651196,5.21,6210.0,CHEMBL4213,M. tuberculosis,67,0.2142857142857142,0,0,O=C(CSc1nc2cc(OC(F)F)ccc2[nH]1)Nc1ccccc1,compounds_normalized.sdf,349.3620000000001,3.895100000000002,67.00999999999999,2,4,6,24,0,0,0,0,0,0,0,0,0,0.2727272727272727,0.29306224362404126,0.7939110070257611,0.0,0.32871584832351086,1.0,low
BI-6,FtsZ,0.2298850574712643,0.2044409553150953,0.6451612903225806,CHEMBL1651202,5.11,7690.0,CHEMBL4213,M. tuberculosis,67,0.2209302325581395,0,0,Cc1cccc(NC(=O)CSc2nc3cc(OC(F)F)ccc3[nH]2)c1,compounds_normalized.sdf,363.389,4.203520000000002,67.01,2,4,6,25,0,0,0,0,0,0,0,0,0,0.23615464994775326,0.2765354562557673,0.7788018433179724,0.0,0.3040314655355143,1.0,low
OX-11,FtsZ,0.1584158415841584,0.1506333400105955,0.5862068965517241,CHEMBL1926720,4.46,34800.0,CHEMBL4213,M. tuberculosis,67,0.1538461538461538,0,0,Cc1cccc(C)c1NC(=O)CSc1nnc(Cn2c(=O)c3c(ncn3C)n(C)c2=O)o1,compounds_normalized.sdf,455.50000000000017,1.21264,129.84,1,8,6,32,0,0,0,0,0,0,0,0,0,0.10621062106210614,0.15696297780132332,0.6945812807881774,0.0,0.1965332470996105,1.0,low
T2Z14,FtsZ,0.1415929203539823,0.1377982084649596,0.5529411764705883,CHEMBL3425704,4.07,85000.0,CHEMBL3999,E. coli,67,0.1391304347826087,0,0,Cc1c(-c2nn(-c3ccccc3)cc2/C=N/NC(=O)Cn2c(=O)c3c(ncn3C)n(C)c2=O)nnn1-c1ccc(Br)cc1,compounds_normalized.sdf,642.4780000000003,2.0883199999999986,151.81,1,8,7,43,0,0,0,0,0,1,0,0,1,0.07562349155269507,0.1284404632554658,0.6470588235294119,0.02,0.18698068511962576,1.0,low
T2Z5,FtsZ,0.1495327102803738,0.1413130143549464,0.5584415584415584,CHEMBL1926719,4.68,21000.0,CHEMBL4213,M. tuberculosis,67,0.1415929203539823,0,0,Cn1cnc2c1c(=O)n(CC(=O)N/N=C/c1c(-c3ccc(Br)cc3)nc3sccn13)c(=O)n2C,compounds_normalized.sdf,541.3910000000003,1.7226999999999988,120.58,1,7,5,34,0,0,0,0,0,1,0,0,1,0.09005947323704325,0.13625114301099198,0.6549165120593692,0.02,0.197329999180175,1.0,low
T2Z6,FtsZ,0.1650485436893204,0.1609894590668009,0.5789473684210527,CHEMBL3425693,4.57,27000.0,CHEMBL3999,E. coli,67,0.1634615384615384,0,0,Cn1cnc2c1c(=O)n(CC(=O)N/N=C/c1c(-c3ccc(Cl)cc3)nc3sccn13)c(=O)n2C,compounds_normalized.sdf,496.9400000000003,1.6135999999999988,120.58,1,7,5,34,0,0,0,0,0,1,0,0,1,0.11827007943512798,0.179976575704002,0.6842105263157896,0.02,0.22676076259093292,1.0,low
T2Z9,FtsZ,0.1834862385321101,0.1724262430530115,0.5714285714285714,CHEMBL3425704,4.07,85000.0,CHEMBL3999,E. coli,67,0.1818181818181818,0,0,Cc1c(-c2nn(-c3ccccc3)cc2/C=N/NC(=O)Cn2c(=O)c3c(ncn3C)n(C)c2=O)nnn1-c1ccc(Cl)cc1,compounds_normalized.sdf,598.0270000000002,1.9792199999999995,151.81,1,8,7,43,0,0,0,0,0,1,0,0,1,0.1517931609674729,0.20539165122891442,0.6734693877551021,0.02,0.24826490145423033,1.0,low
X1V11,FtsZ,0.1851851851851851,0.1716049382716049,0.4125,CHEMBL3425608,4.0,100000.0,CHEMBL3999,E. coli,67,0.1744186046511628,0,0,COc1ccc(/C=N/Nc2nc3ccc(S(N)(=O)=O)cc3s2)cc1,compounds_normalized.sdf,362.4360000000001,2.3983,106.67,2,7,5,24,0,0,0,0,0,0,0,0,0,0.15488215488215468,0.2035665294924553,0.44642857142857145,0.0,0.19529699552847685,1.0,low
X1V19,FtsZ,0.160919540229885,0.1494794311033526,0.3793103448275862,CHEMBL3425693,4.57,27000.0,CHEMBL3999,E. coli,67,0.1477272727272727,0,0,N#Cc1ccc(/C=N/Nc2nc3ccc(S(N)(=O)=O)cc3s2)cc1,compounds_normalized.sdf,357.4200000000001,2.26138,121.23,2,7,4,24,0,0,0,0,0,0,0,0,0,0.1107628004179727,0.154398735785228,0.39901477832512317,0.0,0.15383330090406183,1.0,low
X1V20,FtsZ,0.1566265060240964,0.1498622515813306,0.3804347826086957,CHEMBL511201,6.82,150.0,CHEMBL5096,S. aureus,67,0.1511627906976744,0,0,NS(=O)(=O)c1ccc2nc(N/N=C/c3cccnc3)sc2c1,compounds_normalized.sdf,333.398,1.7846999999999995,110.33,2,7,4,22,0,0,0,0,0,0,0,0,0,0.10295728368017523,0.15524944795851242,0.40062111801242245,0.0,0.15038417153157907,1.0,low
X1V26,FtsZ,0.2162162162162162,0.1956128319055815,0.475,CHEMBL3423282,7.522878745280337,30.0,CHEMBL3999,E. coli,67,0.2023809523809523,0,0,NS(=O)(=O)c1ccc2nc(N/N=C/c3cc(Cl)ccc3O)sc2c1,compounds_normalized.sdf,382.854,2.748700000000001,117.67,3,7,4,24,0,0,0,0,0,0,0,0,1,0.21130221130221125,0.25691740423462556,0.5357142857142857,0.0,0.25023759956690483,1.0,low
X1V9,FtsZ,0.225,0.1868525688756515,0.3793103448275862,CHEMBL3425693,4.57,27000.0,CHEMBL3999,E. coli,67,0.2133333333333333,0,0,Cc1ccc(/C=N/Nc2nc3ccc(S(N)(=O)=O)cc3s2)cc1,compounds_normalized.sdf,346.43700000000007,2.698120000000001,97.44,2,6,4,23,0,0,0,0,0,0,0,0,0,0.22727272727272727,0.23745015305700332,0.39901477832512317,0.0,0.23285111864938293,1.0,low
BI-1,Gyr,0.3283582089552239,0.2806313275041551,0.6984126984126984,CHEMBL472525,6.33,470.0,CHEMBL3038482,S. aureus complex,600,0.273972602739726,0,0,O=C(CSc1nc2cc(OC(F)F)ccc2[nH]1)Nc1ccccc1,compounds_normalized.sdf,349.3620000000001,3.895100000000002,67.00999999999999,2,4,6,24,0,0,0,0,0,0,0,0,0,0.41519674355495245,0.44584739445367794,0.854875283446712,0.0,0.4472915129079025,1.0,moderate
BI-6,Gyr,0.3026315789473684,0.2883007943670107,0.7142857142857143,CHEMBL3329291,7.0,99.0,CHEMBL2094139,E. coli complex,600,0.2911392405063291,0,0,Cc1cccc(NC(=O)CSc2nc3cc(OC(F)F)ccc3[nH]2)c1,compounds_normalized.sdf,363.389,4.203520000000002,67.01,2,4,6,25,0,0,0,0,0,0,0,0,0,0.3684210526315789,0.4628906541489127,0.8775510204081634,0.0,0.43156584291424216,1.0,moderate
OX-11,Gyr,0.1770833333333333,0.1714266397450012,0.7023809523809523,CHEMBL4465300,6.7,200.0,CHEMBL2094139,E. coli complex,600,0.1752577319587628,0,0,Cc1cccc(C)c1NC(=O)CSc1nnc(Cn2c(=O)c3c(ncn3C)n(C)c2=O)o1,compounds_normalized.sdf,455.50000000000017,1.21264,129.84,1,8,6,32,0,0,0,0,0,0,0,0,0,0.14015151515151505,0.2031703105444471,0.8605442176870748,0.0,0.2499499678649305,1.0,low
T2Z14,Gyr,0.1858407079646017,0.1700444633591045,0.7317073170731707,CHEMBL6078265,8.11,7.8,CHEMBL2094139,E. coli complex,600,0.1782178217821782,0,0,Cc1c(-c2nn(-c3ccccc3)cc2/C=N/NC(=O)Cn2c(=O)c3c(ncn3C)n(C)c2=O)nnn1-c1ccc(Br)cc1,compounds_normalized.sdf,642.4780000000003,2.0883199999999986,151.81,1,8,7,43,0,0,0,0,0,1,0,0,1,0.15607401448109398,0.20009880746467668,0.9024390243902439,0.02,0.28342756276525277,1.0,low
T2Z5,Gyr,0.1944444444444444,0.1682829779776709,0.7023809523809523,CHEMBL488699,7.64,23.0,CHEMBL3038482,S. aureus complex,600,0.1720430107526881,0,0,Cn1cnc2c1c(=O)n(CC(=O)N/N=C/c1c(-c3ccc(Br)cc3)nc3sccn13)c(=O)n2C,compounds_normalized.sdf,541.3910000000003,1.7226999999999988,120.58,1,7,5,34,0,0,0,0,0,1,0,0,1,0.1717171717171716,0.1961843955059353,0.8605442176870748,0.02,0.28398631738813085,1.0,low
T2Z6,Gyr,0.1944444444444444,0.1756760180019942,0.7058823529411765,CHEMBL488699,7.64,23.0,CHEMBL3038482,S. aureus complex,600,0.1720430107526881,0,0,Cn1cnc2c1c(=O)n(CC(=O)N/N=C/c1c(-c3ccc(Cl)cc3)nc3sccn13)c(=O)n2C,compounds_normalized.sdf,496.9400000000003,1.6135999999999988,120.58,1,7,5,34,0,0,0,0,0,1,0,0,1,0.1717171717171716,0.21261337333776487,0.8655462184873951,0.02,0.2888438619661363,1.0,low
T2Z9,Gyr,0.2072072072072072,0.1884659283789718,0.7402597402597403,CHEMBL6078265,8.11,7.8,CHEMBL2094139,E. coli complex,600,0.202020202020202,0,0,Cc1c(-c2nn(-c3ccccc3)cc2/C=N/NC(=O)Cn2c(=O)c3c(ncn3C)n(C)c2=O)nnn1-c1ccc(Cl)cc1,compounds_normalized.sdf,598.0270000000002,1.9792199999999995,151.81,1,8,7,43,0,0,0,0,0,1,0,0,1,0.1949221949221949,0.2410353963977151,0.9146567717996291,0.02,0.3149184623304706,1.0,low
X1V11,Gyr,0.2837837837837837,0.265997924745221,0.59375,CHEMBL4863169,7.96,11.0,CHEMBL2094139,E. coli complex,600,0.2631578947368421,0,0,COc1ccc(/C=N/Nc2nc3ccc(S(N)(=O)=O)cc3s2)cc1,compounds_normalized.sdf,362.4360000000001,2.3983,106.67,2,7,5,24,0,0,0,0,0,0,0,0,0,0.334152334152334,0.4133287216560466,0.7053571428571429,0.0,0.37621191891875005,1.0,moderate
X1V19,Gyr,0.2666666666666666,0.2599429223744292,0.5753424657534246,CHEMBL4863169,7.96,11.0,CHEMBL2094139,E. coli complex,600,0.2625,0,0,N#Cc1ccc(/C=N/Nc2nc3ccc(S(N)(=O)=O)cc3s2)cc1,compounds_normalized.sdf,357.4200000000001,2.26138,121.23,2,7,4,24,0,0,0,0,0,0,0,0,0,0.30303030303030287,0.3998731608320648,0.6790606653620352,0.0,0.3533425415274729,1.0,moderate
X1V20,Gyr,0.2666666666666666,0.2574429223744292,0.5675675675675675,CHEMBL4863169,7.96,11.0,CHEMBL2094139,E. coli complex,600,0.2602739726027397,0,0,NS(=O)(=O)c1ccc2nc(N/N=C/c3cccnc3)sc2c1,compounds_normalized.sdf,333.398,1.7846999999999995,110.33,2,7,4,22,0,0,0,0,0,0,0,0,0,0.30303030303030287,0.3943176052765092,0.667953667953668,0.0,0.3502876030273289,1.0,moderate
X1V26,Gyr,0.3194444444444444,0.3085616438356163,0.6739130434782609,CHEMBL4863169,7.96,11.0,CHEMBL2094139,E. coli complex,600,0.3150684931506849,0,0,NS(=O)(=O)c1ccc2nc(N/N=C/c3cc(Cl)ccc3O)sc2c1,compounds_normalized.sdf,382.854,2.748700000000001,117.67,3,7,4,24,0,0,0,0,0,0,0,0,1,0.3989898989898989,0.5079147640791473,0.8198757763975156,0.0,0.4494550069743636,1.0,moderate
X1V9,Gyr,0.3142857142857143,0.2886396154706013,0.5774647887323944,CHEMBL4863169,7.96,11.0,CHEMBL2094139,E. coli complex,600,0.2916666666666667,0,0,Cc1ccc(/C=N/Nc2nc3ccc(S(N)(=O)=O)cc3s2)cc1,compounds_normalized.sdf,346.43700000000007,2.698120000000001,97.44,2,6,4,23,0,0,0,0,0,0,0,0,0,0.3896103896103896,0.4636435899346695,0.6820925553319921,0.0,0.41302997558866095,1.0,moderate
BI-1,GyrB,0.375,0.317451558103732,0.6307692307692307,CHEMBL3341781,5.5,3132.0,CHEMBL1921666,S. aureus,253,0.3623188405797101,0,0,O=C(CSc1nc2cc(OC(F)F)ccc2[nH]1)Nc1ccccc1,compounds_normalized.sdf,349.3620000000001,3.895100000000002,67.00999999999999,2,4,6,24,0,0,0,0,0,0,0,0,0,0.5,0.5276701291194044,0.7582417582417583,0.0,0.4956537960161148,1.0,moderate
BI-6,GyrB,0.3164556962025316,0.2783629095754346,0.6438356164383562,CHEMBL3341781,5.5,3132.0,CHEMBL1921666,S. aureus,253,0.3026315789473684,0,0,Cc1cccc(NC(=O)CSc2nc3cc(OC(F)F)ccc3[nH]2)c1,compounds_normalized.sdf,363.389,4.203520000000002,67.01,2,4,6,25,0,0,0,0,0,0,0,0,0,0.39355581127733014,0.44080646572318793,0.7769080234833661,0.0,0.42351572559196693,1.0,moderate
OX-11,GyrB,0.2083333333333333,0.1963518325516762,0.7051282051282052,CHEMBL3736056,7.89,13.0,CHEMBL1921666,S. aureus,253,0.1979166666666666,0,0,Cc1cccc(C)c1NC(=O)CSc1nnc(Cn2c(=O)c3c(ncn3C)n(C)c2=O)o1,compounds_normalized.sdf,455.50000000000017,1.21264,129.84,1,8,6,32,0,0,0,0,0,0,0,0,0,0.19696969696969685,0.2585596278926138,0.8644688644688646,0.0,0.2927950851283315,1.0,low
T2Z14,GyrB,0.2,0.1896636849039595,0.7023809523809523,CHEMBL3735238,7.03,94.0,CHEMBL1921666,S. aureus,253,0.1929824561403508,0,0,Cc1c(-c2nn(-c3ccccc3)cc2/C=N/NC(=O)Cn2c(=O)c3c(ncn3C)n(C)c2=O)nnn1-c1ccc(Br)cc1,compounds_normalized.sdf,642.4780000000003,2.0883199999999986,151.81,1,8,7,43,0,0,0,0,0,1,0,0,1,0.18181818181818182,0.2436970775643544,0.8605442176870748,0.02,0.30091499295324076,1.0,low
T2Z5,GyrB,0.2277227722772277,0.2089745958424818,0.7361111111111112,CHEMBL3735238,7.03,94.0,CHEMBL1921666,S. aureus,253,0.2075471698113207,0,0,Cn1cnc2c1c(=O)n(CC(=O)N/N=C/c1c(-c3ccc(Br)cc3)nc3sccn13)c(=O)n2C,compounds_normalized.sdf,541.3910000000003,1.7226999999999988,120.58,1,7,5,34,0,0,0,0,0,1,0,0,1,0.23222322232223216,0.2866102129832928,0.9087301587301589,0.02,0.3440736882164631,1.0,low
T2Z6,GyrB,0.2277227722772277,0.2067174983288157,0.7361111111111112,CHEMBL3735875,6.58,262.0,CHEMBL1921666,S. aureus,253,0.2058823529411764,0,0,Cn1cnc2c1c(=O)n(CC(=O)N/N=C/c1c(-c3ccc(Cl)cc3)nc3sccn13)c(=O)n2C,compounds_normalized.sdf,496.9400000000003,1.6135999999999988,120.58,1,7,5,34,0,0,0,0,0,1,0,0,1,0.23222322232223216,0.2815944407307015,0.9087301587301589,0.02,0.3428197451533153,1.0,low
T2Z9,GyrB,0.2,0.1858498023715415,0.7023809523809523,CHEMBL3735875,6.58,262.0,CHEMBL1921666,S. aureus,253,0.1909090909090909,0,0,Cc1c(-c2nn(-c3ccccc3)cc2/C=N/NC(=O)Cn2c(=O)c3c(ncn3C)n(C)c2=O)nnn1-c1ccc(Cl)cc1,compounds_normalized.sdf,598.0270000000002,1.9792199999999995,151.81,1,8,7,43,0,0,0,0,0,1,0,0,1,0.18181818181818182,0.23522178304787,0.8605442176870748,0.02,0.2987961693241197,1.0,low
X1V11,GyrB,0.282051282051282,0.2773230979515523,0.7424242424242424,CHEMBL3962799,5.7,2000.0,CHEMBL1826,E. coli,253,0.282051282051282,0,0,COc1ccc(/C=N/Nc2nc3ccc(S(N)(=O)=O)cc3s2)cc1,compounds_normalized.sdf,362.4360000000001,2.3983,106.67,2,7,5,24,0,0,0,0,0,0,0,0,0,0.33100233100233084,0.43849577322567174,0.9177489177489179,0.0,0.41278744646992105,1.0,moderate
X1V19,GyrB,0.2816901408450704,0.2525559768869628,0.8135593220338984,CHEMBL3944293,5.7,2000.0,CHEMBL1826,E. coli,253,0.25,0,0,N#Cc1ccc(/C=N/Nc2nc3ccc(S(N)(=O)=O)cc3s2)cc1,compounds_normalized.sdf,357.4200000000001,2.26138,121.23,2,7,4,24,0,0,0,0,0,0,0,0,0,0.33034571062740065,0.3834577264154728,1.0,0.0,0.4110372869175686,1.0,moderate
X1V20,GyrB,0.2816901408450704,0.2525559768869628,0.8305084745762712,CHEMBL3944293,5.7,2000.0,CHEMBL1826,E. coli,253,0.25,0,0,NS(=O)(=O)c1ccc2nc(N/N=C/c3cccnc3)sc2c1,compounds_normalized.sdf,333.398,1.7846999999999995,110.33,2,7,4,22,0,0,0,0,0,0,0,0,0,0.33034571062740065,0.3834577264154728,1.0,0.0,0.4110372869175686,1.0,moderate
X1V26,GyrB,0.3,0.2822763249079038,0.6901408450704225,CHEMBL3944293,5.7,2000.0,CHEMBL1826,E. coli,253,0.2837837837837837,0,0,NS(=O)(=O)c1ccc2nc(N/N=C/c3cc(Cl)ccc3O)sc2c1,compounds_normalized.sdf,382.854,2.748700000000001,117.67,3,7,4,24,0,0,0,0,0,0,0,0,1,0.3636363636363636,0.4495029442397861,0.8430583501006037,0.0,0.42065267039321885,1.0,moderate
X1V9,GyrB,0.2941176470588235,0.2697204487696026,0.8448275862068966,CHEMBL3944293,5.7,2000.0,CHEMBL1826,E. coli,253,0.2692307692307692,0,0,Cc1ccc(/C=N/Nc2nc3ccc(S(N)(=O)=O)cc3s2)cc1,compounds_normalized.sdf,346.43700000000007,2.698120000000001,97.44,2,6,4,23,0,0,0,0,0,0,0,0,0,0.3529411764705881,0.42160099726578354,1.0,0.0,0.43187083755173994,1.0,moderate
BI-1,LpxA,0.1818181818181818,0.1818181818181818,0.5,CHEMBL4871671,4.301029995663981,50000.0,CHEMBL4879550,E. coli LpxA,1,0.0,0,0,O=C(CSc1nc2cc(OC(F)F)ccc2[nH]1)Nc1ccccc1,compounds_normalized.sdf,349.3620000000001,3.895100000000002,67.00999999999999,2,4,6,24,0,0,0,0,0,0,0,0,0,0.14876033057851235,0.2262626262626262,0.5714285714285715,0.0,0.21666010756919846,1.0,low
BI-6,LpxA,0.1720430107526881,0.1720430107526881,0.5135135135135135,CHEMBL4871671,4.301029995663981,50000.0,CHEMBL4879550,E. coli LpxA,1,0.0,0,0,Cc1cccc(NC(=O)CSc2nc3cc(OC(F)F)ccc3[nH]2)c1,compounds_normalized.sdf,363.389,4.203520000000002,67.01,2,4,6,25,0,0,0,0,0,0,0,0,0,0.13098729227761471,0.20454002389486245,0.5907335907335908,0.0,0.20523869072256157,1.0,low
OX-11,LpxA,0.1958762886597938,0.1958762886597938,0.6538461538461539,CHEMBL4871671,4.301029995663981,50000.0,CHEMBL4879550,E. coli LpxA,1,0.0,0,0,Cc1cccc(C)c1NC(=O)CSc1nnc(Cn2c(=O)c3c(ncn3C)n(C)c2=O)o1,compounds_normalized.sdf,455.50000000000017,1.21264,129.84,1,8,6,32,0,0,0,0,0,0,0,0,0,0.17432052483598873,0.25750286368843067,0.7912087912087913,0.0,0.2702172970214207,1.0,low
T2Z14,LpxA,0.1909090909090909,0.1909090909090909,0.6172839506172839,CHEMBL4871671,4.301029995663981,50000.0,CHEMBL4879550,E. coli LpxA,1,0.0,0,0,Cc1c(-c2nn(-c3ccccc3)cc2/C=N/NC(=O)Cn2c(=O)c3c(ncn3C)n(C)c2=O)nnn1-c1ccc(Br)cc1,compounds_normalized.sdf,642.4780000000003,2.0883199999999986,151.81,1,8,7,43,0,0,0,0,0,1,0,0,1,0.16528925619834706,0.24646464646464641,0.7389770723104057,0.0,0.255107350561896,1.0,low
T2Z5,LpxA,0.1495327102803738,0.1495327102803738,0.625,CHEMBL4871671,4.301029995663981,50000.0,CHEMBL4879550,E. coli LpxA,1,0.0,0,0,Cn1cnc2c1c(=O)n(CC(=O)N/N=C/c1c(-c3ccc(Br)cc3)nc3sccn13)c(=O)n2C,compounds_normalized.sdf,541.3910000000003,1.7226999999999988,120.58,1,7,5,34,0,0,0,0,0,1,0,0,1,0.09005947323704325,0.1545171339563862,0.7500000000000001,0.0,0.19615902010761818,1.0,low
T2Z6,LpxA,0.1714285714285714,0.1714285714285714,0.6455696202531646,CHEMBL4871671,4.301029995663981,50000.0,CHEMBL4879550,E. coli LpxA,1,0.0,0,0,Cn1cnc2c1c(=O)n(CC(=O)N/N=C/c1c(-c3ccc(Cl)cc3)nc3sccn13)c(=O)n2C,compounds_normalized.sdf,496.9400000000003,1.6135999999999988,120.58,1,7,5,34,0,0,0,0,0,1,0,0,1,0.1298701298701298,0.20317460317460312,0.7793851717902351,0.0,0.23263649149725096,1.0,low
T2Z9,LpxA,0.2129629629629629,0.2129629629629629,0.6375,CHEMBL4871671,4.301029995663981,50000.0,CHEMBL4879550,E. coli LpxA,1,0.0,0,0,Cc1c(-c2nn(-c3ccccc3)cc2/C=N/NC(=O)Cn2c(=O)c3c(ncn3C)n(C)c2=O)nnn1-c1ccc(Cl)cc1,compounds_normalized.sdf,598.0270000000002,1.9792199999999995,151.81,1,8,7,43,0,0,0,0,0,1,0,0,1,0.20538720538720526,0.29547325102880645,0.7678571428571429,0.0,0.2917404868793757,1.0,low
X1V11,LpxA,0.0947368421052631,0.0947368421052631,0.3820224719101123,CHEMBL4871671,4.301029995663981,50000.0,CHEMBL4879550,E. coli LpxA,1,0.0,0,0,COc1ccc(/C=N/Nc2nc3ccc(S(N)(=O)=O)cc3s2)cc1,compounds_normalized.sdf,362.4360000000001,2.3983,106.67,2,7,5,24,0,0,0,0,0,0,0,0,0,0.0,0.032748538011695784,0.40288924558587474,0.0,0.06862052134080515,1.0,low
X1V19,LpxA,0.0833333333333333,0.0833333333333333,0.3855421686746988,CHEMBL4871671,4.301029995663981,50000.0,CHEMBL4879550,E. coli LpxA,1,0.0,0,0,N#Cc1ccc(/C=N/Nc2nc3ccc(S(N)(=O)=O)cc3s2)cc1,compounds_normalized.sdf,357.4200000000001,2.26138,121.23,2,7,4,24,0,0,0,0,0,0,0,0,0,0.0,0.007407407407407331,0.40791738382099835,0.0,0.06303945942500158,1.0,low
X1V20,LpxA,0.1063829787234042,0.1063829787234042,0.3975903614457831,CHEMBL4871671,4.301029995663981,50000.0,CHEMBL4879550,E. coli LpxA,1,0.0,0,0,NS(=O)(=O)c1ccc2nc(N/N=C/c3cccnc3)sc2c1,compounds_normalized.sdf,333.398,1.7846999999999995,110.33,2,7,4,22,0,0,0,0,0,0,0,0,0,0.0116054158607349,0.05862884160756489,0.42512908777969016,0.0,0.08422928149921219,1.0,low
X1V26,LpxA,0.1182795698924731,0.1182795698924731,0.4222222222222222,CHEMBL4871671,4.301029995663981,50000.0,CHEMBL4879550,E. coli LpxA,1,0.0,0,0,NS(=O)(=O)c1ccc2nc(N/N=C/c3cc(Cl)ccc3O)sc2c1,compounds_normalized.sdf,382.854,2.748700000000001,117.67,3,7,4,24,0,0,0,0,0,0,0,0,1,0.03323558162267835,0.08506571087216243,0.4603174603174603,0.0,0.10693183757699881,1.0,low
X1V9,LpxA,0.0978260869565217,0.0978260869565217,0.4024390243902439,CHEMBL4871671,4.301029995663981,50000.0,CHEMBL4879550,E. coli LpxA,1,0.0,0,0,Cc1ccc(/C=N/Nc2nc3ccc(S(N)(=O)=O)cc3s2)cc1,compounds_normalized.sdf,346.43700000000007,2.698120000000001,97.44,2,6,4,23,0,0,0,0,0,0,0,0,0,0.0,0.03961352657004822,0.43205574912892,0.0,0.07471174401185006,1.0,low
BI-1,LpxC,0.2051282051282051,0.1988599194232997,0.5138888888888888,CHEMBL3647226,8.02,9.55,CHEMBL3855,P. aeruginosa,600,0.2,0,0,O=C(CSc1nc2cc(OC(F)F)ccc2[nH]1)Nc1ccccc1,compounds_normalized.sdf,349.3620000000001,3.895100000000002,67.00999999999999,2,4,6,24,0,0,0,0,0,0,0,0,0,0.19114219114219105,0.2641331542739993,0.5912698412698413,0.0,0.25029486033007153,1.0,low
BI-6,LpxC,0.2317073170731707,0.217460910969692,0.5131578947368421,CHEMBL3647252,9.05,0.883,CHEMBL3855,P. aeruginosa,600,0.2234042553191489,0,0,Cc1cccc(NC(=O)CSc2nc3cc(OC(F)F)ccc3[nH]2)c1,compounds_normalized.sdf,363.389,4.203520000000002,67.01,2,4,6,25,0,0,0,0,0,0,0,0,0,0.23946784922394668,0.30546869104375995,0.5902255639097745,0.0,0.2846349319593795,1.0,low
OX-11,LpxC,0.2022471910112359,0.1983343733535608,0.627906976744186,CHEMBL2023138,8.07,8.5,CHEMBL3855,P. aeruginosa,600,0.2,0,0,Cc1cccc(C)c1NC(=O)CSc1nnc(Cn2c(=O)c3c(ncn3C)n(C)c2=O)o1,compounds_normalized.sdf,455.50000000000017,1.21264,129.84,1,8,6,32,0,0,0,0,0,0,0,0,0,0.1859039836567925,0.262965274119024,0.7541528239202658,0.0,0.27181623394619214,1.0,low
T2Z14,LpxC,0.22,0.2103447874199184,0.5833333333333334,CHEMBL2023138,8.07,8.5,CHEMBL3855,P. aeruginosa,600,0.21,0,0,Cc1c(-c2nn(-c3ccccc3)cc2/C=N/NC(=O)Cn2c(=O)c3c(ncn3C)n(C)c2=O)nnn1-c1ccc(Br)cc1,compounds_normalized.sdf,642.4780000000003,2.0883199999999986,151.81,1,8,7,43,0,0,0,0,0,1,0,0,1,0.21818181818181814,0.2896550831553742,0.6904761904761906,0.0,0.2850761084511812,1.0,low
T2Z5,LpxC,0.2448979591836734,0.2183662402760147,0.5666666666666667,CHEMBL2023522,8.96,1.1,CHEMBL3855,P. aeruginosa,600,0.2142857142857142,0,0,Cn1cnc2c1c(=O)n(CC(=O)N/N=C/c1c(-c3ccc(Br)cc3)nc3sccn13)c(=O)n2C,compounds_normalized.sdf,541.3910000000003,1.7226999999999988,120.58,1,7,5,34,0,0,0,0,0,1,0,0,1,0.2634508348794062,0.3074805339466993,0.6666666666666667,0.0,0.3085955509263779,1.0,low
T2Z6,LpxC,0.22,0.1982601260126012,0.5666666666666667,CHEMBL2023522,8.96,1.1,CHEMBL3855,P. aeruginosa,600,0.2,0,0,Cn1cnc2c1c(=O)n(CC(=O)N/N=C/c1c(-c3ccc(Cl)cc3)nc3sccn13)c(=O)n2C,compounds_normalized.sdf,496.9400000000003,1.6135999999999988,120.58,1,7,5,34,0,0,0,0,0,1,0,0,1,0.21818181818181814,0.26280028002800265,0.6666666666666667,0.0,0.2747909790979097,1.0,low
T2Z9,LpxC,0.196078431372549,0.1891179399317606,0.5833333333333334,CHEMBL2023138,8.07,8.5,CHEMBL3855,P. aeruginosa,600,0.196078431372549,0,0,Cc1c(-c2nn(-c3ccccc3)cc2/C=N/NC(=O)Cn2c(=O)c3c(ncn3C)n(C)c2=O)nnn1-c1ccc(Cl)cc1,compounds_normalized.sdf,598.0270000000002,1.9792199999999995,151.81,1,8,7,43,0,0,0,0,0,1,0,0,1,0.17468805704099813,0.24248431095946799,0.6904761904761906,0.0,0.25153653483179467,1.0,low
X1V11,LpxC,0.2142857142857142,0.204267446785979,0.5681818181818182,CHEMBL3647221,9.19,0.651,CHEMBL3855,P. aeruginosa,600,0.2125,0,0,COc1ccc(/C=N/Nc2nc3ccc(S(N)(=O)=O)cc3s2)cc1,compounds_normalized.sdf,362.4360000000001,2.3983,106.67,2,7,5,24,0,0,0,0,0,0,0,0,0,0.20779220779220758,0.27614988174662,0.668831168831169,0.0,0.27325824965743417,1.0,low
X1V19,LpxC,0.2027027027027027,0.1971384083476293,0.5316455696202531,CHEMBL1956131,9.19,0.64,CHEMBL3855,P. aeruginosa,600,0.2025316455696202,0,0,N#Cc1ccc(/C=N/Nc2nc3ccc(S(N)(=O)=O)cc3s2)cc1,compounds_normalized.sdf,357.4200000000001,2.26138,121.23,2,7,4,24,0,0,0,0,0,0,0,0,0,0.18673218673218667,0.2603075741058429,0.6166365280289331,0.0,0.250938466096894,1.0,low
X1V20,LpxC,0.1951219512195122,0.1860952180322982,0.5569620253164557,CHEMBL3647151,8.15,7.11,CHEMBL3855,P. aeruginosa,600,0.1948051948051948,0,0,NS(=O)(=O)c1ccc2nc(N/N=C/c3cccnc3)sc2c1,compounds_normalized.sdf,333.398,1.7846999999999995,110.33,2,7,4,22,0,0,0,0,0,0,0,0,0,0.1729490022172949,0.23576715118288488,0.6528028933092225,0.0,0.24333672290075203,1.0,low
X1V26,LpxC,0.1744186046511628,0.1689242041200849,0.5581395348837209,CHEMBL2023515,9.0,1.0,CHEMBL3855,P. aeruginosa,600,0.1724137931034483,0,0,NS(=O)(=O)c1ccc2nc(N/N=C/c3cc(Cl)ccc3O)sc2c1,compounds_normalized.sdf,382.854,2.748700000000001,117.67,3,7,4,24,0,0,0,0,0,0,0,0,1,0.13530655391120505,0.19760934248907758,0.6544850498338871,0.0,0.21522837005295498,1.0,low
X1V9,LpxC,0.1785714285714285,0.1678925424023463,0.5512820512820513,CHEMBL3647221,9.19,0.651,CHEMBL3855,P. aeruginosa,600,0.1764705882352941,0,0,Cc1ccc(/C=N/Nc2nc3ccc(S(N)(=O)=O)cc3s2)cc1,compounds_normalized.sdf,346.43700000000007,2.698120000000001,97.44,2,6,4,23,0,0,0,0,0,0,0,0,0,0.14285714285714268,0.19531676089410288,0.6446886446886448,0.0,0.21696105835539378,1.0,low
BI-1,LpxH,0.1842105263157894,0.170845743420252,0.625,CHEMBL5091645,6.91,123.0,CHEMBL5855,E. coli,252,0.1710526315789473,0,0,O=C(CSc1nc2cc(OC(F)F)ccc2[nH]1)Nc1ccccc1,compounds_normalized.sdf,349.3620000000001,3.895100000000002,67.00999999999999,2,4,6,24,0,0,0,0,0,0,0,0,0,0.1531100478468898,0.2018794298227822,0.7500000000000001,0.0,0.23952488137914046,1.0,low
BI-6,LpxH,0.2,0.1836155202821869,0.640625,CHEMBL5653589,9.12,0.753,CHEMBL5855,E. coli,252,0.2,0,0,Cc1cccc(NC(=O)CSc2nc3cc(OC(F)F)ccc3[nH]2)c1,compounds_normalized.sdf,363.389,4.203520000000002,67.01,2,4,6,25,0,0,0,0,0,0,0,0,0,0.18181818181818182,0.23025671173819307,0.7723214285714286,0.0,0.26432148312935344,1.0,low
OX-11,LpxH,0.1553398058252427,0.1511066327826675,0.6923076923076923,CHEMBL3745885,6.2,630.0,CHEMBL5855,E. coli,252,0.1545454545454545,0,0,Cc1cccc(C)c1NC(=O)CSc1nnc(Cn2c(=O)c3c(ncn3C)n(C)c2=O)o1,compounds_normalized.sdf,455.50000000000017,1.21264,129.84,1,8,6,32,0,0,0,0,0,0,0,0,0,0.10061782877316854,0.1580147395170389,0.8461538461538463,0.0,0.21673567618892092,1.0,low
T2Z14,LpxH,0.1578947368421052,0.1436435756297264,0.7037037037037037,CHEMBL4549667,6.0,1000.0,CHEMBL5855,E. coli,252,0.1504424778761062,0,0,Cc1c(-c2nn(-c3ccccc3)cc2/C=N/NC(=O)Cn2c(=O)c3c(ncn3C)n(C)c2=O)nnn1-c1ccc(Br)cc1,compounds_normalized.sdf,642.4780000000003,2.0883199999999986,151.81,1,8,7,43,0,0,0,0,0,1,0,0,1,0.10526315789473671,0.14143016806605868,0.8624338624338626,0.02,0.2373542003289624,1.0,low
T2Z5,LpxH,0.160377358490566,0.1491570827718419,0.6707317073170732,CHEMBL3672326,7.35,45.0,CHEMBL5855,E. coli,252,0.1485148514851485,0,0,Cn1cnc2c1c(=O)n(CC(=O)N/N=C/c1c(-c3ccc(Br)cc3)nc3sccn13)c(=O)n2C,compounds_normalized.sdf,541.3910000000003,1.7226999999999988,120.58,1,7,5,34,0,0,0,0,0,1,0,0,1,0.10977701543739271,0.15368240615964865,0.8153310104529619,0.02,0.23560876082655277,1.0,low
T2Z6,LpxH,0.1568627450980392,0.153421185827188,0.6506024096385542,CHEMBL3672293,7.24,58.0,CHEMBL5855,E. coli,252,0.1553398058252427,0,0,Cn1cnc2c1c(=O)n(CC(=O)N/N=C/c1c(-c3ccc(Cl)cc3)nc3sccn13)c(=O)n2C,compounds_normalized.sdf,496.9400000000003,1.6135999999999988,120.58,1,7,5,34,0,0,0,0,0,1,0,0,1,0.10338680926916219,0.16315819072708443,0.7865748709122203,0.02,0.23046918295318522,1.0,low
T2Z9,LpxH,0.1607142857142857,0.1436842072202456,0.6829268292682927,CHEMBL4088216,6.0,1000.0,CHEMBL5855,E. coli,252,0.1478260869565217,0,0,Cc1c(-c2nn(-c3ccccc3)cc2/C=N/NC(=O)Cn2c(=O)c3c(ncn3C)n(C)c2=O)nnn1-c1ccc(Cl)cc1,compounds_normalized.sdf,598.0270000000002,1.9792199999999995,151.81,1,8,7,43,0,0,0,0,0,1,0,0,1,0.11038961038961034,0.14152046048943467,0.8327526132404183,0.02,0.23548781230322655,1.0,low
X1V11,LpxH,0.1688311688311688,0.1598811096701392,0.7361111111111112,CHEMBL3667203,8.74,1.8,CHEMBL5855,E. coli,252,0.1604938271604938,0,0,COc1ccc(/C=N/Nc2nc3ccc(S(N)(=O)=O)cc3s2)cc1,compounds_normalized.sdf,362.4360000000001,2.3983,106.67,2,7,5,24,0,0,0,0,0,0,0,0,0,0.12514757969303417,0.17751357704475373,0.9087301587301589,0.0,0.24326170791722934,1.0,low
X1V19,LpxH,0.1688311688311688,0.1441260306720883,0.6857142857142857,CHEMBL3667203,8.74,1.8,CHEMBL5855,E. coli,252,0.1518987341772152,0,0,N#Cc1ccc(/C=N/Nc2nc3ccc(S(N)(=O)=O)cc3s2)cc1,compounds_normalized.sdf,357.4200000000001,2.26138,121.23,2,7,4,24,0,0,0,0,0,0,0,0,0,0.12514757969303417,0.1425022903824184,0.8367346938775511,0.0,0.22370956652375434,1.0,low
X1V20,LpxH,0.1772151898734177,0.1705698159586043,0.7246376811594203,CHEMBL5087398,7.94,11.5,CHEMBL5855,E. coli,252,0.173469387755102,0,0,NS(=O)(=O)c1ccc2nc(N/N=C/c3cccnc3)sc2c1,compounds_normalized.sdf,333.398,1.7846999999999995,110.33,2,7,4,22,0,0,0,0,0,0,0,0,0,0.1403912543153049,0.20126625768578732,0.8923395445134576,0.0,0.25436312325611793,1.0,low
X1V26,LpxH,0.2162162162162162,0.1825866290416332,0.7297297297297297,CHEMBL3667203,8.74,1.8,CHEMBL5855,E. coli,252,0.1785714285714285,0,0,NS(=O)(=O)c1ccc2nc(N/N=C/c3cc(Cl)ccc3O)sc2c1,compounds_normalized.sdf,382.854,2.748700000000001,117.67,3,7,4,24,0,0,0,0,0,0,0,0,1,0.21130221130221125,0.22797028675918488,0.8996138996138997,0.0,0.29758576228298683,1.0,low
X1V9,LpxH,0.1756756756756756,0.1572596934374476,0.7101449275362319,CHEMBL3667203,8.74,1.8,CHEMBL5855,E. coli,252,0.1578947368421052,0,0,Cc1ccc(/C=N/Nc2nc3ccc(S(N)(=O)=O)cc3s2)cc1,compounds_normalized.sdf,346.43700000000007,2.698120000000001,97.44,2,6,4,23,0,0,0,0,0,0,0,0,0,0.13759213759213743,0.17168820763877246,0.8716356107660457,0.0,0.24246346232066868,1.0,low
BI-1,MurA,0.1931818181818181,0.1841557499104668,0.5616438356164384,CHEMBL5220749,4.77,17000.0,CHEMBL1984,E. coli,94,0.1868131868131868,0,0,O=C(CSc1nc2cc(OC(F)F)ccc2[nH]1)Nc1ccccc1,compounds_normalized.sdf,349.3620000000001,3.895100000000002,67.00999999999999,2,4,6,24,0,0,0,0,0,0,0,0,0,0.1694214876033056,0.23145722202325952,0.6594911937377692,0.0,0.24149872836813305,1.0,low
BI-6,MurA,0.1956521739130435,0.1887764030624409,0.5753424657534246,CHEMBL5219288,4.82,15000.0,CHEMBL1984,E. coli,94,0.1914893617021276,0,0,Cc1cccc(NC(=O)CSc2nc3cc(OC(F)F)ccc3[nH]2)c1,compounds_normalized.sdf,363.389,4.203520000000002,67.01,2,4,6,25,0,0,0,0,0,0,0,0,0,0.17391304347826086,0.24172534013875754,0.6790606653620352,0.0,0.24924695657812512,1.0,low
OX-11,MurA,0.1530612244897959,0.1422086044607575,0.6097560975609756,CHEMBL5219585,4.96,11000.0,CHEMBL1984,E. coli,94,0.144578313253012,0,0,Cc1cccc(C)c1NC(=O)CSc1nnc(Cn2c(=O)c3c(ncn3C)n(C)c2=O)o1,compounds_normalized.sdf,455.50000000000017,1.21264,129.84,1,8,6,32,0,0,0,0,0,0,0,0,0,0.0964749536178107,0.13824134324612777,0.7282229965156795,0.0,0.1920312620977892,1.0,low
T2Z14,MurA,0.1858407079646017,0.1514148097379957,0.6075949367088608,CHEMBL5220784,4.68,21000.0,CHEMBL1984,E. coli,94,0.1485148514851485,0,0,Cc1c(-c2nn(-c3ccccc3)cc2/C=N/NC(=O)Cn2c(=O)c3c(ncn3C)n(C)c2=O)nnn1-c1ccc(Br)cc1,compounds_normalized.sdf,642.4780000000003,2.0883199999999986,151.81,1,8,7,43,0,0,0,0,0,1,0,0,1,0.15607401448109398,0.158699577195546,0.7251356238698012,0.02,0.24648224511990366,1.0,low
T2Z5,MurA,0.1775700934579439,0.1517477642223214,0.5833333333333334,CHEMBL5220784,4.68,21000.0,CHEMBL1984,E. coli,94,0.1547619047619047,0,0,Cn1cnc2c1c(=O)n(CC(=O)N/N=C/c1c(-c3ccc(Br)cc3)nc3sccn13)c(=O)n2C,compounds_normalized.sdf,541.3910000000003,1.7226999999999988,120.58,1,7,5,34,0,0,0,0,0,1,0,0,1,0.14103653355989795,0.1594394760496031,0.6904761904761906,0.02,0.2339495643637783,1.0,low
T2Z6,MurA,0.1851851851851851,0.1784266639571752,0.5949367088607594,CHEMBL5219036,4.8,16000.0,CHEMBL1984,E. coli,94,0.1801801801801801,0,0,Cn1cnc2c1c(=O)n(CC(=O)N/N=C/c1c(-c3ccc(Cl)cc3)nc3sccn13)c(=O)n2C,compounds_normalized.sdf,496.9400000000003,1.6135999999999988,120.58,1,7,5,34,0,0,0,0,0,1,0,0,1,0.15488215488215468,0.2187259199048338,0.7070524412296564,0.02,0.25818042360173427,1.0,low
T2Z9,MurA,0.2083333333333333,0.203920947128635,0.6282051282051282,CHEMBL365523,4.301029995663981,50000.0,CHEMBL1984,E. coli,94,0.2068965517241379,0,0,Cc1c(-c2nn(-c3ccccc3)cc2/C=N/NC(=O)Cn2c(=O)c3c(ncn3C)n(C)c2=O)nnn1-c1ccc(Cl)cc1,compounds_normalized.sdf,598.0270000000002,1.9792199999999995,151.81,1,8,7,43,0,0,0,0,0,1,0,0,1,0.19696969696969685,0.27537988250807777,0.7545787545787547,0.02,0.3005166322986811,1.0,low
X1V11,MurA,0.2413793103448276,0.2118272042460514,0.4534883720930232,CHEMBL5219614,4.66,22000.0,CHEMBL1984,E. coli,94,0.2105263157894736,0,0,COc1ccc(/C=N/Nc2nc3ccc(S(N)(=O)=O)cc3s2)cc1,compounds_normalized.sdf,362.4360000000001,2.3983,106.67,2,7,5,24,0,0,0,0,0,0,0,0,0,0.25705329153605017,0.29294934276900303,0.5049833887043189,0.0,0.27751148976592366,1.0,low
X1V19,MurA,0.1857142857142857,0.1613654430675707,0.4677419354838709,CHEMBL5171747,3.82,151000.0,CHEMBL1984,E. coli,94,0.1595744680851064,0,0,N#Cc1ccc(/C=N/Nc2nc3ccc(S(N)(=O)=O)cc3s2)cc1,compounds_normalized.sdf,357.4200000000001,2.26138,121.23,2,7,4,24,0,0,0,0,0,0,0,0,0,0.15584415584415579,0.18081209570571266,0.5253456221198156,0.0,0.2019269451664784,1.0,low
X1V20,MurA,0.1733333333333333,0.1684694835680751,0.5081967213114754,CHEMBL5172087,3.85,142000.0,CHEMBL1984,E. coli,94,0.1690140845070422,0,0,NS(=O)(=O)c1ccc2nc(N/N=C/c3cccnc3)sc2c1,compounds_normalized.sdf,333.398,1.7846999999999995,110.33,2,7,4,22,0,0,0,0,0,0,0,0,0,0.13333333333333328,0.1965988523735002,0.5831381733021078,0.0,0.20328710575535786,1.0,low
X1V26,MurA,0.2441860465116279,0.2135584044232402,0.4782608695652174,CHEMBL5220418,5.29,5100.0,CHEMBL1984,E. coli,94,0.2386363636363636,0,0,NS(=O)(=O)c1ccc2nc(N/N=C/c3cc(Cl)ccc3O)sc2c1,compounds_normalized.sdf,382.854,2.748700000000001,117.67,3,7,4,24,0,0,0,0,0,0,0,0,1,0.2621564482029598,0.2967964542738671,0.5403726708074535,0.0,0.2863332382910647,1.0,low
X1V9,MurA,0.2183908045977011,0.2121620026591959,0.4677419354838709,CHEMBL5219036,4.8,16000.0,CHEMBL1984,E. coli,94,0.2142857142857142,0,0,Cc1ccc(/C=N/Nc2nc3ccc(S(N)(=O)=O)cc3s2)cc1,compounds_normalized.sdf,346.43700000000007,2.698120000000001,97.44,2,6,4,23,0,0,0,0,0,0,0,0,0,0.21525600835945652,0.2936933392426576,0.5253456221198156,0.0,0.259853182308365,1.0,low
BI-1,MurC,0.2345679012345679,0.2308341850608478,0.5641025641025641,CHEMBL3622702,6.2,630.0,CHEMBL2541,E. coli MurF,167,0.2317073170731707,0,0,O=C(CSc1nc2cc(OC(F)F)ccc2[nH]1)Nc1ccccc1,compounds_normalized.sdf,349.3620000000001,3.895100000000002,67.00999999999999,2,4,6,24,0,0,0,0,0,0,0,0,0,0.24466891133557794,0.33518707791299507,0.6630036630036631,0.0,0.3055817745965872,1.0,low
BI-6,MurC,0.2065217391304347,0.2026389706500714,0.5769230769230769,CHEMBL6149895,5.29,5160.0,CHEMBL2541,E. coli MurF,167,0.2045454545454545,0,0,Cc1cccc(NC(=O)CSc2nc3cc(OC(F)F)ccc3[nH]2)c1,compounds_normalized.sdf,363.389,4.203520000000002,67.01,2,4,6,25,0,0,0,0,0,0,0,0,0,0.19367588932806307,0.27253104588904753,0.6813186813186813,0.0,0.2671685083340956,1.0,low
OX-11,MurC,0.29,0.2703727759114097,0.7532467532467533,CHEMBL5090659,5.0,10000.0,CHEMBL2541,E. coli MurF,167,0.2736842105263158,0,0,Cc1cccc(C)c1NC(=O)CSc1nnc(Cn2c(=O)c3c(ncn3C)n(C)c2=O)o1,compounds_normalized.sdf,455.50000000000017,1.21264,129.84,1,8,6,32,0,0,0,0,0,0,0,0,0,0.3454545454545454,0.4230506131364659,0.933209647495362,0.0,0.4184713731356935,1.0,moderate
T2Z14,MurC,0.2413793103448276,0.2225886931621324,0.7439024390243902,CHEMBL5090659,5.0,10000.0,CHEMBL2541,E. coli MurF,167,0.2293577981651376,0,0,Cc1c(-c2nn(-c3ccccc3)cc2/C=N/NC(=O)Cn2c(=O)c3c(ncn3C)n(C)c2=O)nnn1-c1ccc(Br)cc1,compounds_normalized.sdf,642.4780000000003,2.0883199999999986,151.81,1,8,7,43,0,0,0,0,0,1,0,0,1,0.25705329153605017,0.3168637625825165,0.9198606271777005,0.02,0.3657216804903093,1.0,moderate
T2Z5,MurC,0.2346938775510204,0.2231635955353015,0.7073170731707317,CHEMBL5075801,5.0,10000.0,CHEMBL2541,E. coli MurF,167,0.2244897959183673,0,0,Cn1cnc2c1c(=O)n(CC(=O)N/N=C/c1c(-c3ccc(Br)cc3)nc3sccn13)c(=O)n2C,compounds_normalized.sdf,541.3910000000003,1.7226999999999988,120.58,1,7,5,34,0,0,0,0,0,1,0,0,1,0.2448979591836734,0.3181413234117811,0.867595818815331,0.02,0.35212368326708166,1.0,moderate
T2Z6,MurC,0.2604166666666667,0.2431438560980892,0.7283950617283951,CHEMBL5075801,5.0,10000.0,CHEMBL2541,E. coli MurF,167,0.25,0,0,Cn1cnc2c1c(=O)n(CC(=O)N/N=C/c1c(-c3ccc(Cl)cc3)nc3sccn13)c(=O)n2C,compounds_normalized.sdf,496.9400000000003,1.6135999999999988,120.58,1,7,5,34,0,0,0,0,0,1,0,0,1,0.2916666666666667,0.3625419024401982,0.8977072310405645,0.02,0.39112489359946756,1.0,moderate
T2Z9,MurC,0.2631578947368421,0.2400318164695571,0.7654320987654321,CHEMBL5090659,5.0,10000.0,CHEMBL2541,E. coli MurF,167,0.2407407407407407,0,0,Cc1c(-c2nn(-c3ccccc3)cc2/C=N/NC(=O)Cn2c(=O)c3c(ncn3C)n(C)c2=O)nnn1-c1ccc(Cl)cc1,compounds_normalized.sdf,598.0270000000002,1.9792199999999995,151.81,1,8,7,43,0,0,0,0,0,1,0,0,1,0.2966507177033492,0.355626258821238,0.9506172839506173,0.02,0.3998245161495767,1.0,moderate
X1V11,MurC,0.2105263157894736,0.1957327609166603,0.6025641025641025,CHEMBL199457,7.602059991327962,25.0,CHEMBL4732,E. coli,167,0.2073170731707317,0,0,COc1ccc(/C=N/Nc2nc3ccc(S(N)(=O)=O)cc3s2)cc1,compounds_normalized.sdf,362.4360000000001,2.3983,106.67,2,7,5,24,0,0,0,0,0,0,0,0,0,0.20095693779904286,0.257183913148134,0.717948717948718,0.0,0.2724667548788626,1.0,low
X1V19,MurC,0.2692307692307692,0.2147995599470464,0.6571428571428571,CHEMBL271836,4.11,78000.0,CHEMBL4319,S. pneumoniae MurF,167,0.2048192771084337,0,0,N#Cc1ccc(/C=N/Nc2nc3ccc(S(N)(=O)=O)cc3s2)cc1,compounds_normalized.sdf,357.4200000000001,2.26138,121.23,2,7,4,24,0,0,0,0,0,0,0,0,0,0.30769230769230765,0.2995545776601031,0.7959183673469389,0.0,0.3481225533632204,1.0,low
X1V20,MurC,0.2073170731707317,0.1791449114160688,0.647887323943662,CHEMBL271836,4.11,78000.0,CHEMBL4319,S. pneumoniae MurF,167,0.1847826086956521,0,0,NS(=O)(=O)c1ccc2nc(N/N=C/c3cccnc3)sc2c1,compounds_normalized.sdf,333.398,1.7846999999999995,110.33,2,7,4,22,0,0,0,0,0,0,0,0,0,0.19512195121951215,0.22032202536904177,0.7826961770623744,0.0,0.27004590851137267,1.0,low
X1V26,MurC,0.2531645569620253,0.2074468521518149,0.6753246753246753,CHEMBL271836,4.11,78000.0,CHEMBL4319,S. pneumoniae MurF,167,0.2093023255813953,0,0,NS(=O)(=O)c1ccc2nc(N/N=C/c3cc(Cl)ccc3O)sc2c1,compounds_normalized.sdf,382.854,2.748700000000001,117.67,3,7,4,24,0,0,0,0,0,0,0,0,1,0.2784810126582277,0.28321522700403307,0.8218923933209649,0.0,0.3333281720782668,1.0,low
X1V9,MurC,0.2151898734177215,0.1830115593648817,0.6338028169014085,CHEMBL271836,4.11,78000.0,CHEMBL4319,S. pneumoniae MurF,167,0.188235294117647,0,0,Cc1ccc(/C=N/Nc2nc3ccc(S(N)(=O)=O)cc3s2)cc1,compounds_normalized.sdf,346.43700000000007,2.698120000000001,97.44,2,6,4,23,0,0,0,0,0,0,0,0,0,0.20943613348676635,0.22891457636640378,0.7625754527162979,0.0,0.2763330287424288,1.0,low
BI-1,PBP2a,0.1290322580645161,0.1149058813228787,0.5416666666666666,CHEMBL4636498,7.6,25.0,CHEMBL6128,S. aureus PBP2,17,0.1170212765957446,0,0,O=C(CSc1nc2cc(OC(F)F)ccc2[nH]1)Nc1ccccc1,compounds_normalized.sdf,349.3620000000001,3.895100000000002,67.00999999999999,2,4,6,24,0,0,0,0,0,0,0,0,0,0.052785923753665615,0.07756862516195266,0.6309523809523809,0.0,0.14042797531017812,1.0,low
BI-6,PBP2a,0.134020618556701,0.1217855332792159,0.5555555555555556,CHEMBL4636498,7.6,25.0,CHEMBL6128,S. aureus PBP2,17,0.1224489795918367,0,0,Cc1cccc(NC(=O)CSc2nc3cc(OC(F)F)ccc3[nH]2)c1,compounds_normalized.sdf,363.389,4.203520000000002,67.01,2,4,6,25,0,0,0,0,0,0,0,0,0,0.06185567010309271,0.09285674062047977,0.6507936507936509,0.0,0.1517610678257139,1.0,low
OX-11,PBP2a,0.125,0.1069311001835273,0.5632183908045977,CHEMBL121924,4.82,15000.0,CHEMBL2549,S. aureus PBP4,17,0.1067961165048543,0,0,Cc1cccc(C)c1NC(=O)CSc1nnc(Cn2c(=O)c3c(ncn3C)n(C)c2=O)o1,compounds_normalized.sdf,455.50000000000017,1.21264,129.84,1,8,6,32,0,0,0,0,0,0,0,0,0,0.04545454545454544,0.05984688929672734,0.6617405582922825,0.0,0.13695007879529691,1.0,low
T2Z14,PBP2a,0.131578947368421,0.1256880733944954,0.6046511627906976,CHEMBL4745239,5.55,2800.0,CHEMBL6128,S. aureus PBP2,17,0.128440366972477,0,0,Cc1c(-c2nn(-c3ccccc3)cc2/C=N/NC(=O)Cn2c(=O)c3c(ncn3C)n(C)c2=O)nnn1-c1ccc(Br)cc1,compounds_normalized.sdf,642.4780000000003,2.0883199999999986,151.81,1,8,7,43,0,0,0,0,0,1,0,0,1,0.0574162679425836,0.10152905198776753,0.7209302325581396,0.0,0.1622299318519546,1.0,low
T2Z5,PBP2a,0.1538461538461538,0.1469597069597069,0.5747126436781609,CHEMBL4743698,5.7,2000.0,CHEMBL6128,S. aureus PBP2,17,0.1523809523809524,0,0,Cn1cnc2c1c(=O)n(CC(=O)N/N=C/c1c(-c3ccc(Br)cc3)nc3sccn13)c(=O)n2C,compounds_normalized.sdf,541.3910000000003,1.7226999999999988,120.58,1,7,5,34,0,0,0,0,0,1,0,0,1,0.09790209790209779,0.14879934879934864,0.67816091954023,0.0,0.18787502408192056,1.0,low
T2Z6,PBP2a,0.1428571428571428,0.1361185983827493,0.5747126436781609,CHEMBL4743698,5.7,2000.0,CHEMBL6128,S. aureus PBP2,17,0.1415094339622641,0,0,Cn1cnc2c1c(=O)n(CC(=O)N/N=C/c1c(-c3ccc(Cl)cc3)nc3sccn13)c(=O)n2C,compounds_normalized.sdf,496.9400000000003,1.6135999999999988,120.58,1,7,5,34,0,0,0,0,0,1,0,0,1,0.0779220779220778,0.12470799640610958,0.67816091954023,0.0,0.1718621759936008,1.0,low
T2Z9,PBP2a,0.128440366972477,0.1178619864379736,0.6046511627906976,CHEMBL121924,4.82,15000.0,CHEMBL2549,S. aureus PBP4,17,0.1217391304347826,0,0,Cc1c(-c2nn(-c3ccccc3)cc2/C=N/NC(=O)Cn2c(=O)c3c(ncn3C)n(C)c2=O)nnn1-c1ccc(Cl)cc1,compounds_normalized.sdf,598.0270000000002,1.9792199999999995,151.81,1,8,7,43,0,0,0,0,0,1,0,0,1,0.05170975813177633,0.08413774763994133,0.7209302325581396,0.0,0.15502885085959445,1.0,low
X1V11,PBP2a,0.1149425287356321,0.106074984485779,0.4545454545454545,CHEMBL4634860,5.92,1200.0,CHEMBL6128,S. aureus PBP2,17,0.1098901098901098,0,0,COc1ccc(/C=N/Nc2nc3ccc(S(N)(=O)=O)cc3s2)cc1,compounds_normalized.sdf,362.4360000000001,2.3983,106.67,2,7,5,24,0,0,0,0,0,0,0,0,0,0.02716823406478562,0.05794440996839777,0.5064935064935064,0.0,0.1040442454985182,1.0,low
X1V19,PBP2a,0.108695652173913,0.1017113783533765,0.4096385542168674,CHEMBL4776103,5.7,2000.0,CHEMBL6128,S. aureus PBP2,17,0.1063829787234042,0,0,N#Cc1ccc(/C=N/Nc2nc3ccc(S(N)(=O)=O)cc3s2)cc1,compounds_normalized.sdf,357.4200000000001,2.26138,121.23,2,7,4,24,0,0,0,0,0,0,0,0,0,0.015810276679841806,0.04824750745194777,0.442340791738382,0.0,0.08631813396366514,1.0,low
X1V20,PBP2a,0.127906976744186,0.1060911404762734,0.4216867469879518,CHEMBL4634860,5.92,1200.0,CHEMBL6128,S. aureus PBP2,17,0.1034482758620689,0,0,NS(=O)(=O)c1ccc2nc(N/N=C/c3cccnc3)sc2c1,compounds_normalized.sdf,333.398,1.7846999999999995,110.33,2,7,4,22,0,0,0,0,0,0,0,0,0,0.0507399577167018,0.05798031216949643,0.45955249569707396,0.0,0.1087979312552861,1.0,low
X1V26,PBP2a,0.0909090909090909,0.0856071351816032,0.4777777777777778,CHEMBL332565,4.85,14000.0,CHEMBL2549,S. aureus PBP4,17,0.0909090909090909,0,0,NS(=O)(=O)c1ccc2nc(N/N=C/c3cc(Cl)ccc3O)sc2c1,compounds_normalized.sdf,382.854,2.748700000000001,117.67,3,7,4,24,0,0,0,0,0,0,0,0,1,0.0,0.012460300403562675,0.5396825396825397,0.0,0.08406745605327161,1.0,low
X1V9,PBP2a,0.119047619047619,0.1033072105246593,0.4268292682926829,CHEMBL4634860,5.92,1200.0,CHEMBL6128,S. aureus PBP2,17,0.1011235955056179,0,0,Cc1ccc(/C=N/Nc2nc3ccc(S(N)(=O)=O)cc3s2)cc1,compounds_normalized.sdf,346.43700000000007,2.698120000000001,97.44,2,6,4,23,0,0,0,0,0,0,0,0,0,0.034632034632034535,0.05179380116590955,0.46689895470383275,0.0,0.10029931081306956,1.0,low
BI-1,TopoIV,0.2289156626506024,0.2109827454353726,0.625,CHEMBL4793192,6.54,290.0,CHEMBL3038508,S. aureus complex,190,0.2125,0,0,O=C(CSc1nc2cc(OC(F)F)ccc2[nH]1)Nc1ccccc1,compounds_normalized.sdf,349.3620000000001,3.895100000000002,67.00999999999999,2,4,6,24,0,0,0,0,0,0,0,0,0,0.23439211391018613,0.2910727676341613,0.7500000000000001,0.0,0.30246424886363343,1.0,low
BI-6,TopoIV,0.2588235294117647,0.2251676353477699,0.6388888888888888,CHEMBL4793192,6.54,290.0,CHEMBL3038508,S. aureus complex,190,0.2289156626506024,0,0,Cc1cccc(NC(=O)CSc2nc3cc(OC(F)F)ccc3[nH]2)c1,compounds_normalized.sdf,363.389,4.203520000000002,67.01,2,4,6,25,0,0,0,0,0,0,0,0,0,0.28877005347593576,0.3225947452172664,0.7698412698412699,0.0,0.340509903518475,1.0,low
OX-11,TopoIV,0.1826923076923076,0.1698572647879166,0.7011494252873564,CHEMBL4465692,5.51,3100.0,CHEMBL1895,E. coli ParC,190,0.174757281553398,0,0,Cc1cccc(C)c1NC(=O)CSc1nnc(Cn2c(=O)c3c(ncn3C)n(C)c2=O)o1,compounds_normalized.sdf,455.50000000000017,1.21264,129.84,1,8,6,32,0,0,0,0,0,0,0,0,0,0.15034965034965014,0.19968281063981466,0.8587848932676521,0.0,0.2539132618249266,1.0,low
T2Z14,TopoIV,0.1491228070175438,0.1401637568497515,0.6451612903225806,CHEMBL95778,7.795880017344075,16.0,CHEMBL1895,E. coli ParC,190,0.1428571428571428,0,0,Cc1c(-c2nn(-c3ccccc3)cc2/C=N/NC(=O)Cn2c(=O)c3c(ncn3C)n(C)c2=O)nnn1-c1ccc(Br)cc1,compounds_normalized.sdf,642.4780000000003,2.0883199999999986,151.81,1,8,7,43,0,0,0,0,0,1,0,0,1,0.08931419457735233,0.1336972374438922,0.7788018433179724,0.02,0.21490168314734506,1.0,low
T2Z5,TopoIV,0.1623931623931624,0.1572009013798053,0.6888888888888889,CHEMBL4294536,6.4,400.0,CHEMBL3329081,E. coli ParE,190,0.1610169491525423,0,0,Cn1cnc2c1c(=O)n(CC(=O)N/N=C/c1c(-c3ccc(Br)cc3)nc3sccn13)c(=O)n2C,compounds_normalized.sdf,541.3910000000003,1.7226999999999988,120.58,1,7,5,34,0,0,0,0,0,1,0,0,1,0.11344211344211344,0.17155755862178956,0.8412698412698414,0.02,0.2458009225669803,1.0,low
T2Z6,TopoIV,0.1623931623931624,0.1590256732833173,0.6888888888888889,CHEMBL4294536,6.4,400.0,CHEMBL3329081,E. coli ParE,190,0.1610169491525423,0,0,Cn1cnc2c1c(=O)n(CC(=O)N/N=C/c1c(-c3ccc(Cl)cc3)nc3sccn13)c(=O)n2C,compounds_normalized.sdf,496.9400000000003,1.6135999999999988,120.58,1,7,5,34,0,0,0,0,0,1,0,0,1,0.11344211344211344,0.17561260729626063,0.8412698412698414,0.02,0.2468146847355981,1.0,low
T2Z9,TopoIV,0.1909090909090909,0.1615170174652933,0.6451612903225806,CHEMBL95778,7.795880017344075,16.0,CHEMBL1895,E. coli ParC,190,0.1551724137931034,0,0,Cc1c(-c2nn(-c3ccccc3)cc2/C=N/NC(=O)Cn2c(=O)c3c(ncn3C)n(C)c2=O)nnn1-c1ccc(Cl)cc1,compounds_normalized.sdf,598.0270000000002,1.9792199999999995,151.81,1,8,7,43,0,0,0,0,0,1,0,0,1,0.16528925619834706,0.18114892770065175,0.7788018433179724,0.02,0.26475213652203233,1.0,low
X1V11,TopoIV,0.25,0.2334712872015598,0.5978260869565217,CHEMBL4792402,5.8,1600.0,CHEMBL3038508,S. aureus complex,190,0.2439024390243902,0,0,COc1ccc(/C=N/Nc2nc3ccc(S(N)(=O)=O)cc3s2)cc1,compounds_normalized.sdf,362.4360000000001,2.3983,106.67,2,7,5,24,0,0,0,0,0,0,0,0,0,0.2727272727272727,0.3410473048923551,0.7111801242236025,0.0,0.3283024812202655,1.0,low
X1V19,TopoIV,0.2337662337662337,0.2170089531230296,0.5444444444444444,CHEMBL4792402,5.8,1600.0,CHEMBL3038508,S. aureus complex,190,0.2289156626506024,0,0,N#Cc1ccc(/C=N/Nc2nc3ccc(S(N)(=O)=O)cc3s2)cc1,compounds_normalized.sdf,357.4200000000001,2.26138,121.23,2,7,4,24,0,0,0,0,0,0,0,0,0,0.2432113341204249,0.304464340273399,0.6349206349206349,0.0,0.2929598473666574,1.0,low
X1V20,TopoIV,0.2439024390243902,0.2192816707166278,0.5730337078651685,CHEMBL4793192,6.54,290.0,CHEMBL3038508,S. aureus complex,190,0.2337662337662337,0,0,NS(=O)(=O)c1ccc2nc(N/N=C/c3cccnc3)sc2c1,compounds_normalized.sdf,333.398,1.7846999999999995,110.33,2,7,4,22,0,0,0,0,0,0,0,0,0,0.261640798226164,0.3095148238147284,0.6757624398073836,0.0,0.30956347103787163,1.0,low
X1V26,TopoIV,0.3013698630136986,0.2717902102171141,0.6888888888888889,CHEMBL4792402,5.8,1600.0,CHEMBL3038508,S. aureus complex,190,0.2933333333333333,0,0,NS(=O)(=O)c1ccc2nc(N/N=C/c3cc(Cl)ccc3O)sc2c1,compounds_normalized.sdf,382.854,2.748700000000001,117.67,3,7,4,24,0,0,0,0,0,0,0,0,1,0.36612702366127015,0.42620046714914234,0.8412698412698414,0.0,0.4158041048083969,1.0,moderate
X1V9,TopoIV,0.2777777777777778,0.2493279993279993,0.5444444444444444,CHEMBL4792402,5.8,1600.0,CHEMBL3038508,S. aureus complex,190,0.2702702702702703,0,0,Cc1ccc(/C=N/Nc2nc3ccc(S(N)(=O)=O)cc3s2)cc1,compounds_normalized.sdf,346.43700000000007,2.698120000000001,97.44,2,6,4,23,0,0,0,0,0,0,0,0,0,0.3232323232323232,0.3762844429511095,0.6349206349206349,0.0,0.3509253675920342,1.0,moderate
