compound,target_class,ecfp4_max_tanimoto,ecfp4_top5_mean,maccs_max_tanimoto,best_ref_molecule,best_ref_pchembl,best_ref_ic50_nm,best_ref_target,best_ref_organism,n_references,ecfp4_2nd_tanimoto,n_refs_above_0.4,n_refs_above_0.5
BI-1,DHFR,0.18181818181818182,0.17564935064935067,0.5967741935483871,CHEMBL177230,5.96,1090.0,CHEMBL2329,C. albicans,232,0.175,0,0
BI-6,DHFR,0.175,0.1721056910569106,0.5873015873015873,CHEMBL31055,6.57,269.15,CHEMBL2627,E. coli,232,0.17333333333333334,0,0
OX-11,DHFR,0.1348314606741573,0.1297898071562032,0.65,CHEMBL31055,6.57,269.15,CHEMBL2627,E. coli,232,0.12903225806451613,0,0
T2Z14,DHFR,0.12149532710280374,0.12043433112104382,0.5952380952380952,CHEMBL3234324,7.43,37.0,CHEMBL2329,C. albicans,232,0.12037037037037036,0,0
T2Z5,DHFR,0.11956521739130435,0.11752111056680334,0.5647058823529412,CHEMBL170900,8.89,1.3,CHEMBL2329,C. albicans,232,0.11827956989247312,0,0
T2Z6,DHFR,0.13333333333333333,0.12178503123804667,0.5647058823529412,CHEMBL174753,5.55,2810.0,CHEMBL2329,C. albicans,232,0.11956521739130435,0,0
T2Z9,DHFR,0.12244897959183673,0.12101108356115031,0.5952380952380952,CHEMBL174753,5.55,2810.0,CHEMBL2329,C. albicans,232,0.12149532710280374,0,0
X1V11,DHFR,0.22388059701492538,0.21211661472855506,0.6190476190476191,CHEMBL369237,5.5,3180.0,CHEMBL2329,C. albicans,232,0.21428571428571427,0,0
X1V19,DHFR,0.21428571428571427,0.17173854872897282,0.5238095238095238,CHEMBL120783,6.5,320.0,CHEMBL2329,C. albicans,232,0.18823529411764706,0,0
X1V20,DHFR,0.18309859154929578,0.16368839298416765,0.5542168674698795,CHEMBL57459,7.05,90.0,CHEMBL2627,E. coli,232,0.16901408450704225,0,0
X1V26,DHFR,0.2028985507246377,0.16774268801213074,0.5888888888888889,CHEMBL174753,5.55,2810.0,CHEMBL2329,C. albicans,232,0.18309859154929578,0,0
X1V9,DHFR,0.21686746987951808,0.19818173127044356,0.5421686746987951,CHEMBL367220,6.27,538.0,CHEMBL2329,C. albicans,232,0.21518987341772153,0,0
BI-1,DHPS,0.2631578947368421,0.1986842105263158,0.696969696969697,CHEMBL3233211,5.8,1600.0,CHEMBL2364668,Bacteria,22,0.2,0,0
BI-6,DHPS,0.24691358024691357,0.19405851794114556,0.7121212121212122,CHEMBL3233211,5.8,1600.0,CHEMBL2364668,Bacteria,22,0.18604651162790697,0,0
OX-11,DHPS,0.14893617021276595,0.1280500808838722,0.6666666666666666,CHEMBL3233211,5.8,1600.0,CHEMBL2364668,Bacteria,22,0.1326530612244898,0,0
T2Z14,DHPS,0.12844036697247707,0.1243542152645208,0.5529411764705883,CHEMBL161774,5.52,3000.0,CHEMBL4032,E. coli,22,0.1262135922330097,0,0
T2Z5,DHPS,0.1346153846153846,0.12974747148128954,0.5783132530120482,CHEMBL159046,5.54,2900.0,CHEMBL4032,E. coli,22,0.13402061855670103,0,0
T2Z6,DHPS,0.18085106382978725,0.14425358886024925,0.5783132530120482,CHEMBL422884,6.0,1000.0,CHEMBL4032,E. coli,22,0.14432989690721648,0,0
T2Z9,DHPS,0.1553398058252427,0.13199875300614589,0.5568181818181818,CHEMBL422884,6.0,1000.0,CHEMBL4032,E. coli,22,0.12844036697247707,0,0
X1V11,DHPS,0.23076923076923078,0.20655055085899637,0.734375,CHEMBL158792,5.6,2500.0,CHEMBL4032,E. coli,22,0.21052631578947367,0,0
X1V19,DHPS,0.19696969696969696,0.16655837143676708,0.8392857142857143,CHEMBL437,5.6,2500.0,CHEMBL4032,E. coli,22,0.18518518518518517,0,0
X1V20,DHPS,0.2153846153846154,0.17159195140902458,0.8245614035087719,CHEMBL437,5.6,2500.0,CHEMBL4032,E. coli,22,0.17073170731707318,0,0
X1V26,DHPS,0.21052631578947367,0.19682387787650946,0.7058823529411765,CHEMBL422884,6.0,1000.0,CHEMBL4032,E. coli,22,0.2,0,0
X1V9,DHPS,0.23170731707317074,0.18544866271066113,0.8392857142857143,CHEMBL158543,6.22,600.0,CHEMBL4032,E. coli,22,0.20634920634920634,0,0
BI-1,FabH,0.19480519480519481,0.1334206832838844,0.5,CHEMBL370931,5.62,2400.0,CHEMBL3822,H. influenzae,6,0.16666666666666666,0,0
BI-6,FabH,0.1839080459770115,0.13559591403380353,0.5147058823529411,CHEMBL5555396,5.7,2000.0,CHEMBL4914,E. coli,6,0.1686746987951807,0,0
OX-11,FabH,0.11827956989247312,0.09670463346628974,0.5,CHEMBL370931,5.62,2400.0,CHEMBL3822,H. influenzae,6,0.11458333333333333,0,0
T2Z14,FabH,0.12962962962962962,0.09483688597473316,0.4878048780487805,CHEMBL4100896,5.7,2000.0,CHEMBL4914,E. coli,6,0.10185185185185185,0,0
T2Z5,FabH,0.14,0.09097585308429529,0.47560975609756095,CHEMBL4100896,5.7,2000.0,CHEMBL4914,E. coli,6,0.08823529411764706,0,0
T2Z6,FabH,0.14,0.09097585308429529,0.47560975609756095,CHEMBL4100896,5.7,2000.0,CHEMBL4914,E. coli,6,0.08823529411764706,0,0
T2Z9,FabH,0.12962962962962962,0.09483688597473316,0.4878048780487805,CHEMBL4100896,5.7,2000.0,CHEMBL4914,E. coli,6,0.10185185185185185,0,0
X1V11,FabH,0.20253164556962025,0.1467273228466112,0.3902439024390244,CHEMBL4100896,5.7,2000.0,CHEMBL4914,E. coli,6,0.16417910447761194,0,0
X1V19,FabH,0.16417910447761194,0.12230017677501688,0.30864197530864196,CHEMBL458164,7.7,20.0,CHEMBL4914,E. coli,6,0.14457831325301204,0,0
X1V20,FabH,0.16417910447761194,0.12170819350283475,0.32098765432098764,CHEMBL458164,7.7,20.0,CHEMBL4914,E. coli,6,0.14457831325301204,0,0
X1V26,FabH,0.2,0.13072526395574563,0.3522727272727273,CHEMBL458164,7.7,20.0,CHEMBL4914,E. coli,6,0.13095238095238096,0,0
X1V9,FabH,0.171875,0.13024191607794708,0.325,CHEMBL458164,7.7,20.0,CHEMBL4914,E. coli,6,0.16455696202531644,0,0
BI-1,FabI,0.2073170731707317,0.19389082081862924,0.5633802816901409,CHEMBL259268,5.75,1800.0,CHEMBL1075044,B. subtilis,331,0.20238095238095238,0,0
BI-6,FabI,0.19540229885057472,0.1821013863020578,0.5735294117647058,CHEMBL259268,5.75,1800.0,CHEMBL1075044,B. subtilis,331,0.1836734693877551,0,0
OX-11,FabI,0.19791666666666666,0.18979440719897542,0.7012987012987013,CHEMBL45433,6.03,940.0,CHEMBL3994,S. aureus,331,0.19607843137254902,0,0
T2Z14,FabI,0.1743119266055046,0.16883343339140774,0.7051282051282052,CHEMBL296932,6.52,300.0,CHEMBL3994,S. aureus,331,0.17117117117117117,0,0
T2Z5,FabI,0.17647058823529413,0.16951401979761285,0.6578947368421053,CHEMBL296932,6.52,300.0,CHEMBL3994,S. aureus,331,0.17475728155339806,0,0
T2Z6,FabI,0.17647058823529413,0.17054295698708022,0.6438356164383562,CHEMBL296932,6.52,300.0,CHEMBL3994,S. aureus,331,0.17475728155339806,0,0
T2Z9,FabI,0.2,0.1881233671988389,0.7051282051282052,CHEMBL3623422,6.96,110.0,CHEMBL3994,S. aureus,331,0.19,0,0
X1V11,FabI,0.2463768115942029,0.20820193668457695,0.5733333333333334,CHEMBL2178293,6.07,860.0,CHEMBL1857,E. coli,331,0.20588235294117646,0,0
X1V19,FabI,0.2112676056338028,0.1732805166676757,0.4666666666666667,CHEMBL2178293,6.07,860.0,CHEMBL1857,E. coli,331,0.1780821917808219,0,0
X1V20,FabI,0.21794871794871795,0.2009586574474215,0.4939759036144578,CHEMBL3623407,5.69,2040.0,CHEMBL3994,S. aureus,331,0.2125,0,0
X1V26,FabI,0.22857142857142856,0.20050072219547427,0.618421052631579,CHEMBL2178293,6.07,860.0,CHEMBL1857,E. coli,331,0.208955223880597,0,0
X1V9,FabI,0.23880597014925373,0.18209891054816615,0.4864864864864865,CHEMBL2178293,6.07,860.0,CHEMBL1857,E. coli,331,0.17105263157894737,0,0
BI-1,FtsZ,0.25,0.21187800963081865,0.6557377049180327,CHEMBL1651196,5.21,6210.0,CHEMBL4213,M. tuberculosis,67,0.21428571428571427,0,0
BI-6,FtsZ,0.22988505747126436,0.20444095531509535,0.6451612903225806,CHEMBL1651202,5.11,7690.0,CHEMBL4213,M. tuberculosis,67,0.22093023255813954,0,0
OX-11,FtsZ,0.15841584158415842,0.15063334001059553,0.5862068965517241,CHEMBL1926720,4.46,34800.0,CHEMBL4213,M. tuberculosis,67,0.15384615384615385,0,0
T2Z14,FtsZ,0.1415929203539823,0.13779820846495963,0.5529411764705883,CHEMBL3425704,4.07,85000.0,CHEMBL3999,E. coli,67,0.1391304347826087,0,0
T2Z5,FtsZ,0.14953271028037382,0.1413130143549464,0.5584415584415584,CHEMBL1926719,4.68,21000.0,CHEMBL4213,M. tuberculosis,67,0.1415929203539823,0,0
T2Z6,FtsZ,0.1650485436893204,0.1609894590668009,0.5789473684210527,CHEMBL3425693,4.57,27000.0,CHEMBL3999,E. coli,67,0.16346153846153846,0,0
T2Z9,FtsZ,0.1834862385321101,0.1724262430530115,0.5714285714285714,CHEMBL3425704,4.07,85000.0,CHEMBL3999,E. coli,67,0.18181818181818182,0,0
X1V11,FtsZ,0.18518518518518517,0.17160493827160495,0.4125,CHEMBL3425608,4.0,100000.0,CHEMBL3999,E. coli,67,0.1744186046511628,0,0
X1V19,FtsZ,0.16091954022988506,0.14947943110335266,0.3793103448275862,CHEMBL3425693,4.57,27000.0,CHEMBL3999,E. coli,67,0.14772727272727273,0,0
X1V20,FtsZ,0.1566265060240964,0.14986225158133065,0.3804347826086957,CHEMBL511201,6.82,150.0,CHEMBL5096,S. aureus,67,0.1511627906976744,0,0
X1V26,FtsZ,0.21621621621621623,0.19561283190558157,0.475,CHEMBL3423282,7.522878745280337,30.0,CHEMBL3999,E. coli,67,0.20238095238095238,0,0
X1V9,FtsZ,0.225,0.18685256887565152,0.3793103448275862,CHEMBL3425693,4.57,27000.0,CHEMBL3999,E. coli,67,0.21333333333333335,0,0
BI-1,Gyr,0.3283582089552239,0.28063132750415515,0.6984126984126984,CHEMBL472525,6.33,470.0,CHEMBL3038482,S. aureus complex,600,0.273972602739726,0,0
BI-6,Gyr,0.3026315789473684,0.2883007943670107,0.7142857142857143,CHEMBL3329291,7.0,99.0,CHEMBL2094139,E. coli complex,600,0.2911392405063291,0,0
OX-11,Gyr,0.17708333333333334,0.17142663974500127,0.7023809523809523,CHEMBL4465300,6.7,200.0,CHEMBL2094139,E. coli complex,600,0.17525773195876287,0,0
T2Z14,Gyr,0.18584070796460178,0.17004446335910456,0.7317073170731707,CHEMBL6078265,8.11,7.8,CHEMBL2094139,E. coli complex,600,0.1782178217821782,0,0
T2Z5,Gyr,0.19444444444444445,0.16828297797767094,0.7023809523809523,CHEMBL488699,7.64,23.0,CHEMBL3038482,S. aureus complex,600,0.17204301075268819,0,0
T2Z6,Gyr,0.19444444444444445,0.17567601800199426,0.7058823529411765,CHEMBL488699,7.64,23.0,CHEMBL3038482,S. aureus complex,600,0.17204301075268819,0,0
T2Z9,Gyr,0.2072072072072072,0.18846592837897186,0.7402597402597403,CHEMBL6078265,8.11,7.8,CHEMBL2094139,E. coli complex,600,0.20202020202020202,0,0
X1V11,Gyr,0.28378378378378377,0.265997924745221,0.59375,CHEMBL4863169,7.96,11.0,CHEMBL2094139,E. coli complex,600,0.2631578947368421,0,0
X1V19,Gyr,0.26666666666666666,0.25994292237442923,0.5753424657534246,CHEMBL4863169,7.96,11.0,CHEMBL2094139,E. coli complex,600,0.2625,0,0
X1V20,Gyr,0.26666666666666666,0.25744292237442923,0.5675675675675675,CHEMBL4863169,7.96,11.0,CHEMBL2094139,E. coli complex,600,0.2602739726027397,0,0
X1V26,Gyr,0.3194444444444444,0.30856164383561635,0.6739130434782609,CHEMBL4863169,7.96,11.0,CHEMBL2094139,E. coli complex,600,0.3150684931506849,0,0
X1V9,Gyr,0.3142857142857143,0.28863961547060135,0.5774647887323944,CHEMBL4863169,7.96,11.0,CHEMBL2094139,E. coli complex,600,0.2916666666666667,0,0
BI-1,GyrB,0.375,0.317451558103732,0.6307692307692307,CHEMBL3341781,5.5,3132.0,CHEMBL1921666,S. aureus,253,0.36231884057971014,0,0
BI-6,GyrB,0.31645569620253167,0.2783629095754346,0.6438356164383562,CHEMBL3341781,5.5,3132.0,CHEMBL1921666,S. aureus,253,0.3026315789473684,0,0
OX-11,GyrB,0.20833333333333334,0.1963518325516762,0.7051282051282052,CHEMBL3736056,7.89,13.0,CHEMBL1921666,S. aureus,253,0.19791666666666666,0,0
T2Z14,GyrB,0.2,0.18966368490395952,0.7023809523809523,CHEMBL3735238,7.03,94.0,CHEMBL1921666,S. aureus,253,0.19298245614035087,0,0
T2Z5,GyrB,0.22772277227722773,0.2089745958424818,0.7361111111111112,CHEMBL3735238,7.03,94.0,CHEMBL1921666,S. aureus,253,0.20754716981132076,0,0
T2Z6,GyrB,0.22772277227722773,0.20671749832881572,0.7361111111111112,CHEMBL3735875,6.58,262.0,CHEMBL1921666,S. aureus,253,0.20588235294117646,0,0
T2Z9,GyrB,0.2,0.18584980237154153,0.7023809523809523,CHEMBL3735875,6.58,262.0,CHEMBL1921666,S. aureus,253,0.19090909090909092,0,0
X1V11,GyrB,0.28205128205128205,0.2773230979515523,0.7424242424242424,CHEMBL3962799,5.7,2000.0,CHEMBL1826,E. coli,253,0.28205128205128205,0,0
X1V19,GyrB,0.28169014084507044,0.25255597688696285,0.8135593220338984,CHEMBL3944293,5.7,2000.0,CHEMBL1826,E. coli,253,0.25,0,0
X1V20,GyrB,0.28169014084507044,0.25255597688696285,0.8305084745762712,CHEMBL3944293,5.7,2000.0,CHEMBL1826,E. coli,253,0.25,0,0
X1V26,GyrB,0.3,0.28227632490790383,0.6901408450704225,CHEMBL3944293,5.7,2000.0,CHEMBL1826,E. coli,253,0.28378378378378377,0,0
X1V9,GyrB,0.29411764705882354,0.26972044876960266,0.8448275862068966,CHEMBL3944293,5.7,2000.0,CHEMBL1826,E. coli,253,0.2692307692307692,0,0
BI-1,LpxA,0.18181818181818182,0.18181818181818182,0.5,CHEMBL4871671,4.301029995663981,50000.0,CHEMBL4879550,E. coli LpxA,1,0.0,0,0
BI-6,LpxA,0.17204301075268819,0.17204301075268819,0.5135135135135135,CHEMBL4871671,4.301029995663981,50000.0,CHEMBL4879550,E. coli LpxA,1,0.0,0,0
OX-11,LpxA,0.1958762886597938,0.1958762886597938,0.6538461538461539,CHEMBL4871671,4.301029995663981,50000.0,CHEMBL4879550,E. coli LpxA,1,0.0,0,0
T2Z14,LpxA,0.19090909090909092,0.19090909090909092,0.6172839506172839,CHEMBL4871671,4.301029995663981,50000.0,CHEMBL4879550,E. coli LpxA,1,0.0,0,0
T2Z5,LpxA,0.14953271028037382,0.14953271028037382,0.625,CHEMBL4871671,4.301029995663981,50000.0,CHEMBL4879550,E. coli LpxA,1,0.0,0,0
T2Z6,LpxA,0.17142857142857143,0.17142857142857143,0.6455696202531646,CHEMBL4871671,4.301029995663981,50000.0,CHEMBL4879550,E. coli LpxA,1,0.0,0,0
T2Z9,LpxA,0.21296296296296297,0.21296296296296297,0.6375,CHEMBL4871671,4.301029995663981,50000.0,CHEMBL4879550,E. coli LpxA,1,0.0,0,0
X1V11,LpxA,0.09473684210526316,0.09473684210526316,0.38202247191011235,CHEMBL4871671,4.301029995663981,50000.0,CHEMBL4879550,E. coli LpxA,1,0.0,0,0
X1V19,LpxA,0.08333333333333333,0.08333333333333333,0.3855421686746988,CHEMBL4871671,4.301029995663981,50000.0,CHEMBL4879550,E. coli LpxA,1,0.0,0,0
X1V20,LpxA,0.10638297872340426,0.10638297872340426,0.39759036144578314,CHEMBL4871671,4.301029995663981,50000.0,CHEMBL4879550,E. coli LpxA,1,0.0,0,0
X1V26,LpxA,0.11827956989247312,0.11827956989247312,0.4222222222222222,CHEMBL4871671,4.301029995663981,50000.0,CHEMBL4879550,E. coli LpxA,1,0.0,0,0
X1V9,LpxA,0.09782608695652174,0.09782608695652174,0.4024390243902439,CHEMBL4871671,4.301029995663981,50000.0,CHEMBL4879550,E. coli LpxA,1,0.0,0,0
BI-1,LpxC,0.20512820512820512,0.1988599194232997,0.5138888888888888,CHEMBL3647226,8.02,9.55,CHEMBL3855,P. aeruginosa,600,0.2,0,0
BI-6,LpxC,0.23170731707317074,0.21746091096969203,0.5131578947368421,CHEMBL3647252,9.05,0.883,CHEMBL3855,P. aeruginosa,600,0.22340425531914893,0,0
OX-11,LpxC,0.20224719101123595,0.1983343733535608,0.627906976744186,CHEMBL2023138,8.07,8.5,CHEMBL3855,P. aeruginosa,600,0.2,0,0
T2Z14,LpxC,0.22,0.21034478741991847,0.5833333333333334,CHEMBL2023138,8.07,8.5,CHEMBL3855,P. aeruginosa,600,0.21,0,0
T2Z5,LpxC,0.24489795918367346,0.2183662402760147,0.5666666666666667,CHEMBL2023522,8.96,1.1,CHEMBL3855,P. aeruginosa,600,0.21428571428571427,0,0
T2Z6,LpxC,0.22,0.19826012601260126,0.5666666666666667,CHEMBL2023522,8.96,1.1,CHEMBL3855,P. aeruginosa,600,0.2,0,0
T2Z9,LpxC,0.19607843137254902,0.1891179399317606,0.5833333333333334,CHEMBL2023138,8.07,8.5,CHEMBL3855,P. aeruginosa,600,0.19607843137254902,0,0
X1V11,LpxC,0.21428571428571427,0.20426744678597902,0.5681818181818182,CHEMBL3647221,9.19,0.651,CHEMBL3855,P. aeruginosa,600,0.2125,0,0
X1V19,LpxC,0.20270270270270271,0.1971384083476293,0.5316455696202531,CHEMBL1956131,9.19,0.64,CHEMBL3855,P. aeruginosa,600,0.20253164556962025,0,0
X1V20,LpxC,0.1951219512195122,0.18609521803229828,0.5569620253164557,CHEMBL3647151,8.15,7.11,CHEMBL3855,P. aeruginosa,600,0.19480519480519481,0,0
X1V26,LpxC,0.1744186046511628,0.16892420412008494,0.5581395348837209,CHEMBL2023515,9.0,1.0,CHEMBL3855,P. aeruginosa,600,0.1724137931034483,0,0
X1V9,LpxC,0.17857142857142858,0.1678925424023463,0.5512820512820513,CHEMBL3647221,9.19,0.651,CHEMBL3855,P. aeruginosa,600,0.17647058823529413,0,0
BI-1,LpxH,0.18421052631578946,0.170845743420252,0.625,CHEMBL5091645,6.91,123.0,CHEMBL5855,E. coli,252,0.17105263157894737,0,0
BI-6,LpxH,0.2,0.18361552028218694,0.640625,CHEMBL5653589,9.12,0.753,CHEMBL5855,E. coli,252,0.2,0,0
OX-11,LpxH,0.1553398058252427,0.1511066327826675,0.6923076923076923,CHEMBL3745885,6.2,630.0,CHEMBL5855,E. coli,252,0.15454545454545454,0,0
T2Z14,LpxH,0.15789473684210525,0.14364357562972643,0.7037037037037037,CHEMBL4549667,6.0,1000.0,CHEMBL5855,E. coli,252,0.1504424778761062,0,0
T2Z5,LpxH,0.16037735849056603,0.14915708277184195,0.6707317073170732,CHEMBL3672326,7.35,45.0,CHEMBL5855,E. coli,252,0.1485148514851485,0,0
T2Z6,LpxH,0.1568627450980392,0.15342118582718806,0.6506024096385542,CHEMBL3672293,7.24,58.0,CHEMBL5855,E. coli,252,0.1553398058252427,0,0
T2Z9,LpxH,0.16071428571428573,0.14368420722024564,0.6829268292682927,CHEMBL4088216,6.0,1000.0,CHEMBL5855,E. coli,252,0.14782608695652175,0,0
X1V11,LpxH,0.16883116883116883,0.1598811096701392,0.7361111111111112,CHEMBL3667203,8.74,1.8,CHEMBL5855,E. coli,252,0.16049382716049382,0,0
X1V19,LpxH,0.16883116883116883,0.14412603067208832,0.6857142857142857,CHEMBL3667203,8.74,1.8,CHEMBL5855,E. coli,252,0.1518987341772152,0,0
X1V20,LpxH,0.17721518987341772,0.17056981595860438,0.7246376811594203,CHEMBL5087398,7.94,11.5,CHEMBL5855,E. coli,252,0.17346938775510204,0,0
X1V26,LpxH,0.21621621621621623,0.18258662904163328,0.7297297297297297,CHEMBL3667203,8.74,1.8,CHEMBL5855,E. coli,252,0.17857142857142858,0,0
X1V9,LpxH,0.17567567567567569,0.1572596934374476,0.7101449275362319,CHEMBL3667203,8.74,1.8,CHEMBL5855,E. coli,252,0.15789473684210525,0,0
BI-1,MurA,0.19318181818181818,0.18415574991046688,0.5616438356164384,CHEMBL5220749,4.77,17000.0,CHEMBL1984,E. coli,94,0.18681318681318682,0,0
BI-6,MurA,0.1956521739130435,0.18877640306244092,0.5753424657534246,CHEMBL5219288,4.82,15000.0,CHEMBL1984,E. coli,94,0.19148936170212766,0,0
OX-11,MurA,0.15306122448979592,0.14220860446075753,0.6097560975609756,CHEMBL5219585,4.96,11000.0,CHEMBL1984,E. coli,94,0.14457831325301204,0,0
T2Z14,MurA,0.18584070796460178,0.15141480973799573,0.6075949367088608,CHEMBL5220784,4.68,21000.0,CHEMBL1984,E. coli,94,0.1485148514851485,0,0
T2Z5,MurA,0.17757009345794392,0.15174776422232142,0.5833333333333334,CHEMBL5220784,4.68,21000.0,CHEMBL1984,E. coli,94,0.15476190476190477,0,0
T2Z6,MurA,0.18518518518518517,0.17842666395717524,0.5949367088607594,CHEMBL5219036,4.8,16000.0,CHEMBL1984,E. coli,94,0.18018018018018017,0,0
T2Z9,MurA,0.20833333333333334,0.20392094712863504,0.6282051282051282,CHEMBL365523,4.301029995663981,50000.0,CHEMBL1984,E. coli,94,0.20689655172413793,0,0
X1V11,MurA,0.2413793103448276,0.21182720424605145,0.45348837209302323,CHEMBL5219614,4.66,22000.0,CHEMBL1984,E. coli,94,0.21052631578947367,0,0
X1V19,MurA,0.18571428571428572,0.16136544306757072,0.46774193548387094,CHEMBL5171747,3.82,151000.0,CHEMBL1984,E. coli,94,0.1595744680851064,0,0
X1V20,MurA,0.17333333333333334,0.1684694835680751,0.5081967213114754,CHEMBL5172087,3.85,142000.0,CHEMBL1984,E. coli,94,0.16901408450704225,0,0
X1V26,MurA,0.2441860465116279,0.2135584044232402,0.4782608695652174,CHEMBL5220418,5.29,5100.0,CHEMBL1984,E. coli,94,0.23863636363636365,0,0
X1V9,MurA,0.21839080459770116,0.21216200265919594,0.46774193548387094,CHEMBL5219036,4.8,16000.0,CHEMBL1984,E. coli,94,0.21428571428571427,0,0
BI-1,MurC,0.2345679012345679,0.2308341850608478,0.5641025641025641,CHEMBL3622702,6.2,630.0,CHEMBL2541,E. coli MurF,167,0.23170731707317074,0,0
BI-6,MurC,0.20652173913043478,0.20263897065007147,0.5769230769230769,CHEMBL6149895,5.29,5160.0,CHEMBL2541,E. coli MurF,167,0.20454545454545456,0,0
OX-11,MurC,0.29,0.27037277591140974,0.7532467532467533,CHEMBL5090659,5.0,10000.0,CHEMBL2541,E. coli MurF,167,0.2736842105263158,0,0
T2Z14,MurC,0.2413793103448276,0.22258869316213242,0.7439024390243902,CHEMBL5090659,5.0,10000.0,CHEMBL2541,E. coli MurF,167,0.22935779816513763,0,0
T2Z5,MurC,0.23469387755102042,0.22316359553530152,0.7073170731707317,CHEMBL5075801,5.0,10000.0,CHEMBL2541,E. coli MurF,167,0.22448979591836735,0,0
T2Z6,MurC,0.2604166666666667,0.2431438560980892,0.7283950617283951,CHEMBL5075801,5.0,10000.0,CHEMBL2541,E. coli MurF,167,0.25,0,0
T2Z9,MurC,0.2631578947368421,0.24003181646955718,0.7654320987654321,CHEMBL5090659,5.0,10000.0,CHEMBL2541,E. coli MurF,167,0.24074074074074073,0,0
X1V11,MurC,0.21052631578947367,0.1957327609166603,0.6025641025641025,CHEMBL199457,7.6020599913279625,25.0,CHEMBL4732,E. coli,167,0.2073170731707317,0,0
X1V19,MurC,0.2692307692307692,0.21479955994704647,0.6571428571428571,CHEMBL271836,4.11,78000.0,CHEMBL4319,S. pneumoniae MurF,167,0.20481927710843373,0,0
X1V20,MurC,0.2073170731707317,0.17914491141606884,0.647887323943662,CHEMBL271836,4.11,78000.0,CHEMBL4319,S. pneumoniae MurF,167,0.18478260869565216,0,0
X1V26,MurC,0.25316455696202533,0.20744685215181496,0.6753246753246753,CHEMBL271836,4.11,78000.0,CHEMBL4319,S. pneumoniae MurF,167,0.20930232558139536,0,0
X1V9,MurC,0.21518987341772153,0.18301155936488173,0.6338028169014085,CHEMBL271836,4.11,78000.0,CHEMBL4319,S. pneumoniae MurF,167,0.18823529411764706,0,0
BI-1,PBP2a,0.12903225806451613,0.11490588132287874,0.5416666666666666,CHEMBL4636498,7.6,25.0,CHEMBL6128,S. aureus PBP2,17,0.11702127659574468,0,0
BI-6,PBP2a,0.13402061855670103,0.12178553327921596,0.5555555555555556,CHEMBL4636498,7.6,25.0,CHEMBL6128,S. aureus PBP2,17,0.12244897959183673,0,0
OX-11,PBP2a,0.125,0.10693110018352736,0.5632183908045977,CHEMBL121924,4.82,15000.0,CHEMBL2549,S. aureus PBP4,17,0.10679611650485436,0,0
T2Z14,PBP2a,0.13157894736842105,0.1256880733944954,0.6046511627906976,CHEMBL4745239,5.55,2800.0,CHEMBL6128,S. aureus PBP2,17,0.12844036697247707,0,0
T2Z5,PBP2a,0.15384615384615385,0.14695970695970698,0.5747126436781609,CHEMBL4743698,5.7,2000.0,CHEMBL6128,S. aureus PBP2,17,0.1523809523809524,0,0
T2Z6,PBP2a,0.14285714285714285,0.1361185983827493,0.5747126436781609,CHEMBL4743698,5.7,2000.0,CHEMBL6128,S. aureus PBP2,17,0.14150943396226415,0,0
T2Z9,PBP2a,0.12844036697247707,0.11786198643797367,0.6046511627906976,CHEMBL121924,4.82,15000.0,CHEMBL2549,S. aureus PBP4,17,0.12173913043478261,0,0
X1V11,PBP2a,0.11494252873563218,0.10607498448577908,0.45454545454545453,CHEMBL4634860,5.92,1200.0,CHEMBL6128,S. aureus PBP2,17,0.10989010989010989,0,0
X1V19,PBP2a,0.10869565217391304,0.10171137835337651,0.40963855421686746,CHEMBL4776103,5.7,2000.0,CHEMBL6128,S. aureus PBP2,17,0.10638297872340426,0,0
X1V20,PBP2a,0.12790697674418605,0.10609114047627348,0.42168674698795183,CHEMBL4634860,5.92,1200.0,CHEMBL6128,S. aureus PBP2,17,0.10344827586206896,0,0
X1V26,PBP2a,0.09090909090909091,0.08560713518160326,0.4777777777777778,CHEMBL332565,4.85,14000.0,CHEMBL2549,S. aureus PBP4,17,0.09090909090909091,0,0
X1V9,PBP2a,0.11904761904761904,0.1033072105246593,0.4268292682926829,CHEMBL4634860,5.92,1200.0,CHEMBL6128,S. aureus PBP2,17,0.10112359550561797,0,0
BI-1,TopoIV,0.2289156626506024,0.2109827454353726,0.625,CHEMBL4793192,6.54,290.0,CHEMBL3038508,S. aureus complex,190,0.2125,0,0
BI-6,TopoIV,0.25882352941176473,0.22516763534776998,0.6388888888888888,CHEMBL4793192,6.54,290.0,CHEMBL3038508,S. aureus complex,190,0.2289156626506024,0,0
OX-11,TopoIV,0.18269230769230768,0.16985726478791666,0.7011494252873564,CHEMBL4465692,5.51,3100.0,CHEMBL1895,E. coli ParC,190,0.17475728155339806,0,0
T2Z14,TopoIV,0.14912280701754385,0.1401637568497515,0.6451612903225806,CHEMBL95778,7.795880017344075,16.0,CHEMBL1895,E. coli ParC,190,0.14285714285714285,0,0
T2Z5,TopoIV,0.1623931623931624,0.1572009013798053,0.6888888888888889,CHEMBL4294536,6.4,400.0,CHEMBL3329081,E. coli ParE,190,0.16101694915254236,0,0
T2Z6,TopoIV,0.1623931623931624,0.15902567328331738,0.6888888888888889,CHEMBL4294536,6.4,400.0,CHEMBL3329081,E. coli ParE,190,0.16101694915254236,0,0
T2Z9,TopoIV,0.19090909090909092,0.16151701746529332,0.6451612903225806,CHEMBL95778,7.795880017344075,16.0,CHEMBL1895,E. coli ParC,190,0.15517241379310345,0,0
X1V11,TopoIV,0.25,0.2334712872015598,0.5978260869565217,CHEMBL4792402,5.8,1600.0,CHEMBL3038508,S. aureus complex,190,0.24390243902439024,0,0
X1V19,TopoIV,0.23376623376623376,0.21700895312302965,0.5444444444444444,CHEMBL4792402,5.8,1600.0,CHEMBL3038508,S. aureus complex,190,0.2289156626506024,0,0
X1V20,TopoIV,0.24390243902439024,0.2192816707166278,0.5730337078651685,CHEMBL4793192,6.54,290.0,CHEMBL3038508,S. aureus complex,190,0.23376623376623376,0,0
X1V26,TopoIV,0.3013698630136986,0.27179021021711414,0.6888888888888889,CHEMBL4792402,5.8,1600.0,CHEMBL3038508,S. aureus complex,190,0.29333333333333333,0,0
X1V9,TopoIV,0.2777777777777778,0.24932799932799937,0.5444444444444444,CHEMBL4792402,5.8,1600.0,CHEMBL3038508,S. aureus complex,190,0.2702702702702703,0,0
